window,config,n_nodes,edges,components,isolates,sigma,geo_overlap_fraction,degree_min,degree_p25,degree_median,degree_p75,degree_max,louvain_K
A5,k5_union_gaussian,1896,6460,1,0,0.4805992618221754,0.07693498452012384,5,6.0,7.0,8.0,14,22
A5,k5_union_binary,1896,6460,1,0,0.4805992618221754,0.07693498452012384,5,6.0,7.0,8.0,14,18
A5,k5_mutual_gaussian,1896,3020,103,70,0.4805992618221754,0.08410596026490066,0,2.0,3.0,4.0,5,140
A5,k5_mutual_binary,1896,3020,103,70,0.4805992618221754,0.08410596026490066,0,2.0,3.0,4.0,5,137
A5,k7_union_gaussian,1896,8958,1,0,0.5172557214038043,0.07200267916945746,7,8.0,9.0,11.0,17,18
A5,k7_union_binary,1896,8958,1,0,0.5172557214038043,0.07200267916945746,7,8.0,9.0,11.0,17,17
A5,k7_mutual_gaussian,1896,4314,46,37,0.5172557214038043,0.07788595271210014,0,3.0,5.0,6.0,7,75
A5,k7_mutual_binary,1896,4314,46,37,0.5172557214038043,0.07788595271210014,0,3.0,5.0,6.0,7,73
A5,k10_union_gaussian,1896,12787,1,0,0.556327988863096,0.06623914913584109,10,12.0,13.0,15.0,28,17
A5,k10_union_binary,1896,12787,1,0,0.556327988863096,0.06623914913584109,10,12.0,13.0,15.0,28,13
A5,k10_mutual_gaussian,1896,6173,20,14,0.556327988863096,0.07241211728495059,0,5.0,7.0,9.0,10,42
A5,k10_mutual_binary,1896,6173,20,14,0.556327988863096,0.07241211728495059,0,5.0,7.0,9.0,10,43
annual2023,k5_union_gaussian,1896,6477,1,0,0.44062392831230407,0.07379959857958932,5,6.0,7.0,8.0,13,22
annual2023,k5_union_binary,1896,6477,1,0,0.44062392831230407,0.07379959857958932,5,6.0,7.0,8.0,13,19
annual2023,k5_mutual_gaussian,1896,3003,106,71,0.44062392831230407,0.07992007992007992,0,2.0,3.0,4.0,5,140
annual2023,k5_mutual_binary,1896,3003,106,71,0.44062392831230407,0.07992007992007992,0,2.0,3.0,4.0,5,135
annual2023,k7_union_gaussian,1896,9031,1,0,0.4715432361691895,0.06909533827926033,7,8.0,9.0,11.0,18,18
annual2023,k7_union_binary,1896,9031,1,0,0.4715432361691895,0.06909533827926033,7,8.0,9.0,11.0,18,15
annual2023,k7_mutual_gaussian,1896,4241,39,30,0.4715432361691895,0.07663286960622495,0,3.0,5.0,6.0,7,65
annual2023,k7_mutual_binary,1896,4241,39,30,0.4715432361691895,0.07663286960622495,0,3.0,5.0,6.0,7,65
annual2023,k10_union_gaussian,1896,12846,1,0,0.5072352626118157,0.06437801650319165,10,12.0,13.0,15.0,24,15
annual2023,k10_union_binary,1896,12846,1,0,0.5072352626118157,0.06437801650319165,10,12.0,13.0,15.0,24,12
annual2023,k10_mutual_gaussian,1896,6114,19,16,0.5072352626118157,0.07016683022571148,0,5.0,7.0,9.0,10,42
annual2023,k10_mutual_binary,1896,6114,19,16,0.5072352626118157,0.07016683022571148,0,5.0,7.0,9.0,10,40
annual2024,k5_union_gaussian,1896,6479,1,0,0.43306090648490386,0.07223336934712148,5,6.0,7.0,8.0,15,23
annual2024,k5_union_binary,1896,6479,1,0,0.43306090648490386,0.07223336934712148,5,6.0,7.0,8.0,15,18
annual2024,k5_mutual_gaussian,1896,3001,108,73,0.43306090648490386,0.0773075641452849,0,2.0,3.0,4.0,5,142
annual2024,k5_mutual_binary,1896,3001,108,73,0.43306090648490386,0.0773075641452849,0,2.0,3.0,4.0,5,141
annual2024,k7_union_gaussian,1896,9018,1,0,0.4640720705018073,0.07163450876025726,7,8.0,9.0,11.0,18,19
annual2024,k7_union_binary,1896,9018,1,0,0.4640720705018073,0.07163450876025726,7,8.0,9.0,11.0,18,16
annual2024,k7_mutual_gaussian,1896,4254,44,33,0.4640720705018073,0.07569346497414198,0,3.0,5.0,6.0,7,75
annual2024,k7_mutual_binary,1896,4254,44,33,0.4640720705018073,0.07569346497414198,0,3.0,5.0,6.0,7,70
annual2024,k10_union_gaussian,1896,12791,1,0,0.4971684889248287,0.06457665546087092,10,12.0,13.0,15.0,23,14
annual2024,k10_union_binary,1896,12791,1,0,0.4971684889248287,0.06457665546087092,10,12.0,13.0,15.0,23,15
annual2024,k10_mutual_gaussian,1896,6169,23,17,0.4971684889248287,0.07294537202139731,0,5.0,7.0,9.0,10,42
annual2024,k10_mutual_binary,1896,6169,23,17,0.4971684889248287,0.07294537202139731,0,5.0,7.0,9.0,10,43
