date,territory_id,category,value
2021-01,demo_0,cat_0,170.0
2021-01,demo_0,cat_1,100.0
2021-02,demo_0,cat_0,184.0
2021-02,demo_0,cat_1,114.0
2021-03,demo_0,cat_0,195.320508
2021-03,demo_0,cat_1,125.320508
2021-04,demo_0,cat_0,202.0
2021-04,demo_0,cat_1,132.0
2021-05,demo_0,cat_0,203.320508
2021-05,demo_0,cat_1,133.320508
2021-06,demo_0,cat_0,200.0
2021-06,demo_0,cat_1,130.0
2021-07,demo_0,cat_0,194.0
2021-07,demo_0,cat_1,124.0
2021-08,demo_0,cat_0,188.0
2021-08,demo_0,cat_1,118.0
2021-09,demo_0,cat_0,184.679492
2021-09,demo_0,cat_1,114.679492
2021-10,demo_0,cat_0,186.0
2021-10,demo_0,cat_1,116.0
2021-11,demo_0,cat_0,192.679492
2021-11,demo_0,cat_1,122.679492
2021-12,demo_0,cat_0,204.0
2021-12,demo_0,cat_1,134.0
2022-01,demo_0,cat_0,218.0
2022-01,demo_0,cat_1,148.0
2022-02,demo_0,cat_0,232.0
2022-02,demo_0,cat_1,162.0
2022-03,demo_0,cat_0,243.320508
2022-03,demo_0,cat_1,173.320508
2022-04,demo_0,cat_0,250.0
2022-04,demo_0,cat_1,180.0
2022-05,demo_0,cat_0,251.320508
2022-05,demo_0,cat_1,181.320508
2022-06,demo_0,cat_0,248.0
2022-06,demo_0,cat_1,178.0
2022-07,demo_0,cat_0,242.0
2022-07,demo_0,cat_1,172.0
2022-08,demo_0,cat_0,236.0
2022-08,demo_0,cat_1,166.0
2022-09,demo_0,cat_0,232.679492
2022-09,demo_0,cat_1,162.679492
2022-10,demo_0,cat_0,234.0
2022-10,demo_0,cat_1,164.0
2022-11,demo_0,cat_0,240.679492
2022-11,demo_0,cat_1,170.679492
2022-12,demo_0,cat_0,252.0
2022-12,demo_0,cat_1,182.0
2023-01,demo_0,cat_0,266.0
2023-01,demo_0,cat_1,196.0
2023-02,demo_0,cat_0,280.0
2023-02,demo_0,cat_1,210.0
2023-03,demo_0,cat_0,291.320508
2023-03,demo_0,cat_1,221.320508
2023-04,demo_0,cat_0,298.0
2023-04,demo_0,cat_1,228.0
2023-05,demo_0,cat_0,299.320508
2023-05,demo_0,cat_1,229.320508
2023-06,demo_0,cat_0,296.0
2023-06,demo_0,cat_1,226.0
2023-07,demo_0,cat_0,290.0
2023-07,demo_0,cat_1,220.0
2023-08,demo_0,cat_0,284.0
2023-08,demo_0,cat_1,214.0
2023-09,demo_0,cat_0,280.679492
2023-09,demo_0,cat_1,210.679492
2023-10,demo_0,cat_0,282.0
2023-10,demo_0,cat_1,212.0
2023-11,demo_0,cat_0,288.679492
2023-11,demo_0,cat_1,218.679492
2023-12,demo_0,cat_0,300.0
2023-12,demo_0,cat_1,230.0
2021-01,demo_1,cat_0,180.0
2021-01,demo_1,cat_1,110.0
2021-02,demo_1,cat_0,194.0
2021-02,demo_1,cat_1,124.0
2021-03,demo_1,cat_0,205.320508
2021-03,demo_1,cat_1,135.320508
2021-04,demo_1,cat_0,212.0
2021-04,demo_1,cat_1,142.0
2021-05,demo_1,cat_0,213.320508
2021-05,demo_1,cat_1,143.320508
2021-06,demo_1,cat_0,210.0
2021-06,demo_1,cat_1,140.0
2021-07,demo_1,cat_0,204.0
2021-07,demo_1,cat_1,134.0
2021-08,demo_1,cat_0,198.0
2021-08,demo_1,cat_1,128.0
2021-09,demo_1,cat_0,194.679492
2021-09,demo_1,cat_1,124.679492
2021-10,demo_1,cat_0,196.0
2021-10,demo_1,cat_1,126.0
2021-11,demo_1,cat_0,202.679492
2021-11,demo_1,cat_1,132.679492
2021-12,demo_1,cat_0,214.0
2021-12,demo_1,cat_1,144.0
2022-01,demo_1,cat_0,228.0
2022-01,demo_1,cat_1,158.0
2022-02,demo_1,cat_0,242.0
2022-02,demo_1,cat_1,172.0
2022-03,demo_1,cat_0,253.320508
2022-03,demo_1,cat_1,183.320508
2022-04,demo_1,cat_0,260.0
2022-04,demo_1,cat_1,190.0
2022-05,demo_1,cat_0,261.320508
2022-05,demo_1,cat_1,191.320508
2022-06,demo_1,cat_0,258.0
2022-06,demo_1,cat_1,188.0
2022-07,demo_1,cat_0,252.0
2022-07,demo_1,cat_1,182.0
2022-08,demo_1,cat_0,246.0
2022-08,demo_1,cat_1,176.0
2022-09,demo_1,cat_0,242.679492
2022-09,demo_1,cat_1,172.679492
2022-10,demo_1,cat_0,244.0
2022-10,demo_1,cat_1,174.0
2022-11,demo_1,cat_0,250.679492
2022-11,demo_1,cat_1,180.679492
2022-12,demo_1,cat_0,262.0
2022-12,demo_1,cat_1,192.0
2023-01,demo_1,cat_0,276.0
2023-01,demo_1,cat_1,206.0
2023-02,demo_1,cat_0,290.0
2023-02,demo_1,cat_1,220.0
2023-03,demo_1,cat_0,301.320508
2023-03,demo_1,cat_1,231.320508
2023-04,demo_1,cat_0,308.0
2023-04,demo_1,cat_1,238.0
2023-05,demo_1,cat_0,309.320508
2023-05,demo_1,cat_1,239.320508
2023-06,demo_1,cat_0,306.0
2023-06,demo_1,cat_1,236.0
2023-07,demo_1,cat_0,300.0
2023-07,demo_1,cat_1,230.0
2023-08,demo_1,cat_0,294.0
2023-08,demo_1,cat_1,224.0
2023-09,demo_1,cat_0,290.679492
2023-09,demo_1,cat_1,220.679492
2023-10,demo_1,cat_0,292.0
2023-10,demo_1,cat_1,222.0
2023-11,demo_1,cat_0,298.679492
2023-11,demo_1,cat_1,228.679492
2023-12,demo_1,cat_0,310.0
2023-12,demo_1,cat_1,240.0
2021-01,demo_2,cat_0,190.0
2021-01,demo_2,cat_1,120.0
2021-02,demo_2,cat_0,204.0
2021-02,demo_2,cat_1,134.0
2021-03,demo_2,cat_0,215.320508
2021-03,demo_2,cat_1,145.320508
2021-04,demo_2,cat_0,222.0
2021-04,demo_2,cat_1,152.0
2021-05,demo_2,cat_0,223.320508
2021-05,demo_2,cat_1,153.320508
2021-06,demo_2,cat_0,220.0
2021-06,demo_2,cat_1,150.0
2021-07,demo_2,cat_0,214.0
2021-07,demo_2,cat_1,144.0
2021-08,demo_2,cat_0,208.0
2021-08,demo_2,cat_1,138.0
2021-09,demo_2,cat_0,204.679492
2021-09,demo_2,cat_1,134.679492
2021-10,demo_2,cat_0,206.0
2021-10,demo_2,cat_1,136.0
2021-11,demo_2,cat_0,212.679492
2021-11,demo_2,cat_1,142.679492
2021-12,demo_2,cat_0,224.0
2021-12,demo_2,cat_1,154.0
2022-01,demo_2,cat_0,238.0
2022-01,demo_2,cat_1,168.0
2022-02,demo_2,cat_0,252.0
2022-02,demo_2,cat_1,182.0
2022-03,demo_2,cat_0,263.320508
2022-03,demo_2,cat_1,193.320508
2022-04,demo_2,cat_0,270.0
2022-04,demo_2,cat_1,200.0
2022-05,demo_2,cat_0,271.320508
2022-05,demo_2,cat_1,201.320508
2022-06,demo_2,cat_0,268.0
2022-06,demo_2,cat_1,198.0
2022-07,demo_2,cat_0,262.0
2022-07,demo_2,cat_1,192.0
2022-08,demo_2,cat_0,256.0
2022-08,demo_2,cat_1,186.0
2022-09,demo_2,cat_0,252.679492
2022-09,demo_2,cat_1,182.679492
2022-10,demo_2,cat_0,254.0
2022-10,demo_2,cat_1,184.0
2022-11,demo_2,cat_0,260.679492
2022-11,demo_2,cat_1,190.679492
2022-12,demo_2,cat_0,272.0
2022-12,demo_2,cat_1,202.0
2023-01,demo_2,cat_0,286.0
2023-01,demo_2,cat_1,216.0
2023-02,demo_2,cat_0,300.0
2023-02,demo_2,cat_1,230.0
2023-03,demo_2,cat_0,311.320508
2023-03,demo_2,cat_1,241.320508
2023-04,demo_2,cat_0,318.0
2023-04,demo_2,cat_1,248.0
2023-05,demo_2,cat_0,319.320508
2023-05,demo_2,cat_1,249.320508
2023-06,demo_2,cat_0,316.0
2023-06,demo_2,cat_1,246.0
2023-07,demo_2,cat_0,310.0
2023-07,demo_2,cat_1,240.0
2023-08,demo_2,cat_0,304.0
2023-08,demo_2,cat_1,234.0
2023-09,demo_2,cat_0,300.679492
2023-09,demo_2,cat_1,230.679492
2023-10,demo_2,cat_0,302.0
2023-10,demo_2,cat_1,232.0
2023-11,demo_2,cat_0,308.679492
2023-11,demo_2,cat_1,238.679492
2023-12,demo_2,cat_0,320.0
2023-12,demo_2,cat_1,250.0
2021-01,demo_3,cat_0,130.0
2021-01,demo_3,cat_1,130.0
2021-02,demo_3,cat_0,144.0
2021-02,demo_3,cat_1,144.0
2021-03,demo_3,cat_0,155.320508
2021-03,demo_3,cat_1,155.320508
2021-04,demo_3,cat_0,162.0
2021-04,demo_3,cat_1,162.0
2021-05,demo_3,cat_0,163.320508
2021-05,demo_3,cat_1,163.320508
2021-06,demo_3,cat_0,160.0
2021-06,demo_3,cat_1,160.0
2021-07,demo_3,cat_0,154.0
2021-07,demo_3,cat_1,154.0
2021-08,demo_3,cat_0,148.0
2021-08,demo_3,cat_1,148.0
2021-09,demo_3,cat_0,144.679492
2021-09,demo_3,cat_1,144.679492
2021-10,demo_3,cat_0,146.0
2021-10,demo_3,cat_1,146.0
2021-11,demo_3,cat_0,152.679492
2021-11,demo_3,cat_1,152.679492
2021-12,demo_3,cat_0,164.0
2021-12,demo_3,cat_1,164.0
2022-01,demo_3,cat_0,178.0
2022-01,demo_3,cat_1,178.0
2022-02,demo_3,cat_0,192.0
2022-02,demo_3,cat_1,192.0
2022-03,demo_3,cat_0,203.320508
2022-03,demo_3,cat_1,203.320508
2022-04,demo_3,cat_0,210.0
2022-04,demo_3,cat_1,210.0
2022-05,demo_3,cat_0,211.320508
2022-05,demo_3,cat_1,211.320508
2022-06,demo_3,cat_0,208.0
2022-06,demo_3,cat_1,208.0
2022-07,demo_3,cat_0,202.0
2022-07,demo_3,cat_1,202.0
2022-08,demo_3,cat_0,196.0
2022-08,demo_3,cat_1,196.0
2022-09,demo_3,cat_0,192.679492
2022-09,demo_3,cat_1,192.679492
2022-10,demo_3,cat_0,194.0
2022-10,demo_3,cat_1,194.0
2022-11,demo_3,cat_0,200.679492
2022-11,demo_3,cat_1,200.679492
2022-12,demo_3,cat_0,212.0
2022-12,demo_3,cat_1,212.0
2023-01,demo_3,cat_0,226.0
2023-01,demo_3,cat_1,226.0
2023-02,demo_3,cat_0,240.0
2023-02,demo_3,cat_1,240.0
2023-03,demo_3,cat_0,251.320508
2023-03,demo_3,cat_1,251.320508
2023-04,demo_3,cat_0,258.0
2023-04,demo_3,cat_1,258.0
2023-05,demo_3,cat_0,259.320508
2023-05,demo_3,cat_1,259.320508
2023-06,demo_3,cat_0,256.0
2023-06,demo_3,cat_1,256.0
2023-07,demo_3,cat_0,250.0
2023-07,demo_3,cat_1,250.0
2023-08,demo_3,cat_0,244.0
2023-08,demo_3,cat_1,244.0
2023-09,demo_3,cat_0,240.679492
2023-09,demo_3,cat_1,240.679492
2023-10,demo_3,cat_0,242.0
2023-10,demo_3,cat_1,242.0
2023-11,demo_3,cat_0,248.679492
2023-11,demo_3,cat_1,248.679492
2023-12,demo_3,cat_0,260.0
2023-12,demo_3,cat_1,260.0
2021-01,demo_4,cat_0,140.0
2021-01,demo_4,cat_1,140.0
2021-02,demo_4,cat_0,154.0
2021-02,demo_4,cat_1,154.0
2021-03,demo_4,cat_0,165.320508
2021-03,demo_4,cat_1,165.320508
2021-04,demo_4,cat_0,172.0
2021-04,demo_4,cat_1,172.0
2021-05,demo_4,cat_0,173.320508
2021-05,demo_4,cat_1,173.320508
2021-06,demo_4,cat_0,170.0
2021-06,demo_4,cat_1,170.0
2021-07,demo_4,cat_0,164.0
2021-07,demo_4,cat_1,164.0
2021-08,demo_4,cat_0,158.0
2021-08,demo_4,cat_1,158.0
2021-09,demo_4,cat_0,154.679492
2021-09,demo_4,cat_1,154.679492
2021-10,demo_4,cat_0,156.0
2021-10,demo_4,cat_1,156.0
2021-11,demo_4,cat_0,162.679492
2021-11,demo_4,cat_1,162.679492
2021-12,demo_4,cat_0,174.0
2021-12,demo_4,cat_1,174.0
2022-01,demo_4,cat_0,188.0
2022-01,demo_4,cat_1,188.0
2022-02,demo_4,cat_0,202.0
2022-02,demo_4,cat_1,202.0
2022-03,demo_4,cat_0,213.320508
2022-03,demo_4,cat_1,213.320508
2022-04,demo_4,cat_0,220.0
2022-04,demo_4,cat_1,220.0
2022-05,demo_4,cat_0,221.320508
2022-05,demo_4,cat_1,221.320508
2022-06,demo_4,cat_0,218.0
2022-06,demo_4,cat_1,218.0
2022-07,demo_4,cat_0,212.0
2022-07,demo_4,cat_1,212.0
2022-08,demo_4,cat_0,206.0
2022-08,demo_4,cat_1,206.0
2022-09,demo_4,cat_0,202.679492
2022-09,demo_4,cat_1,202.679492
2022-10,demo_4,cat_0,204.0
2022-10,demo_4,cat_1,204.0
2022-11,demo_4,cat_0,210.679492
2022-11,demo_4,cat_1,210.679492
2022-12,demo_4,cat_0,222.0
2022-12,demo_4,cat_1,222.0
2023-01,demo_4,cat_0,236.0
2023-01,demo_4,cat_1,236.0
2023-02,demo_4,cat_0,250.0
2023-02,demo_4,cat_1,250.0
2023-03,demo_4,cat_0,261.320508
2023-03,demo_4,cat_1,261.320508
2023-04,demo_4,cat_0,268.0
2023-04,demo_4,cat_1,268.0
2023-05,demo_4,cat_0,269.320508
2023-05,demo_4,cat_1,269.320508
2023-06,demo_4,cat_0,266.0
2023-06,demo_4,cat_1,266.0
2023-07,demo_4,cat_0,260.0
2023-07,demo_4,cat_1,260.0
2023-08,demo_4,cat_0,254.0
2023-08,demo_4,cat_1,254.0
2023-09,demo_4,cat_0,250.679492
2023-09,demo_4,cat_1,250.679492
2023-10,demo_4,cat_0,252.0
2023-10,demo_4,cat_1,252.0
2023-11,demo_4,cat_0,258.679492
2023-11,demo_4,cat_1,258.679492
2023-12,demo_4,cat_0,270.0
2023-12,demo_4,cat_1,270.0
2021-01,demo_5,cat_0,150.0
2021-01,demo_5,cat_1,150.0
2021-02,demo_5,cat_0,164.0
2021-02,demo_5,cat_1,164.0
2021-03,demo_5,cat_0,175.320508
2021-03,demo_5,cat_1,175.320508
2021-04,demo_5,cat_0,182.0
2021-04,demo_5,cat_1,182.0
2021-05,demo_5,cat_0,183.320508
2021-05,demo_5,cat_1,183.320508
2021-06,demo_5,cat_0,180.0
2021-06,demo_5,cat_1,180.0
2021-07,demo_5,cat_0,174.0
2021-07,demo_5,cat_1,174.0
2021-08,demo_5,cat_0,168.0
2021-08,demo_5,cat_1,168.0
2021-09,demo_5,cat_0,164.679492
2021-09,demo_5,cat_1,164.679492
2021-10,demo_5,cat_0,166.0
2021-10,demo_5,cat_1,166.0
2021-11,demo_5,cat_0,172.679492
2021-11,demo_5,cat_1,172.679492
2021-12,demo_5,cat_0,184.0
2021-12,demo_5,cat_1,184.0
2022-01,demo_5,cat_0,198.0
2022-01,demo_5,cat_1,198.0
2022-02,demo_5,cat_0,212.0
2022-02,demo_5,cat_1,212.0
2022-03,demo_5,cat_0,223.320508
2022-03,demo_5,cat_1,223.320508
2022-04,demo_5,cat_0,230.0
2022-04,demo_5,cat_1,230.0
2022-05,demo_5,cat_0,231.320508
2022-05,demo_5,cat_1,231.320508
2022-06,demo_5,cat_0,228.0
2022-06,demo_5,cat_1,228.0
2022-07,demo_5,cat_0,222.0
2022-07,demo_5,cat_1,222.0
2022-08,demo_5,cat_0,216.0
2022-08,demo_5,cat_1,216.0
2022-09,demo_5,cat_0,212.679492
2022-09,demo_5,cat_1,212.679492
2022-10,demo_5,cat_0,214.0
2022-10,demo_5,cat_1,214.0
2022-11,demo_5,cat_0,220.679492
2022-11,demo_5,cat_1,220.679492
2022-12,demo_5,cat_0,232.0
2022-12,demo_5,cat_1,232.0
2023-01,demo_5,cat_0,246.0
2023-01,demo_5,cat_1,246.0
2023-02,demo_5,cat_0,260.0
2023-02,demo_5,cat_1,260.0
2023-03,demo_5,cat_0,271.320508
2023-03,demo_5,cat_1,271.320508
2023-04,demo_5,cat_0,278.0
2023-04,demo_5,cat_1,278.0
2023-05,demo_5,cat_0,279.320508
2023-05,demo_5,cat_1,279.320508
2023-06,demo_5,cat_0,276.0
2023-06,demo_5,cat_1,276.0
2023-07,demo_5,cat_0,270.0
2023-07,demo_5,cat_1,270.0
2023-08,demo_5,cat_0,264.0
2023-08,demo_5,cat_1,264.0
2023-09,demo_5,cat_0,260.679492
2023-09,demo_5,cat_1,260.679492
2023-10,demo_5,cat_0,262.0
2023-10,demo_5,cat_1,262.0
2023-11,demo_5,cat_0,268.679492
2023-11,demo_5,cat_1,268.679492
2023-12,demo_5,cat_0,280.0
2023-12,demo_5,cat_1,280.0
