scope,window,horizon,n_points,model,reference,error_delta_model_minus_reference,ci95_low,ci95_high,n_target_month_blocks,source,independent_holdout
strong_common,R9,1,72654,profile_ses,category_seasonal,-7.144706028512325,-36.88533329841165,17.372100881079394,6,runs/R9_strong_baselines_20261004/forecast-paired.json,False
strong_common,R9,1,72654,profile_ses,growth_naive3,-39.24033753340366,-53.83160916487143,-26.795410989964267,6,runs/R9_strong_baselines_20261004/forecast-paired.json,False
strong_common,R9,1,72654,profile_ses,stored_prophet,-341.43460245426627,-652.4733302408258,-131.26174243658005,6,runs/R9_strong_baselines_20261004/forecast-paired.json,False
strong_common,R9,1,72654,profile_ses,last_value,-324.9936858873477,-758.6734185249734,-32.16868156536419,6,runs/R9_strong_baselines_20261004/forecast-paired.json,False
strong_common,R9,3,72726,profile_ses,category_seasonal,-39.29187626937113,-80.12437080803203,6.515144422455477,6,runs/R9_strong_baselines_20261004/forecast-paired.json,False
strong_common,R9,3,72726,profile_ses,growth_naive3,-61.74128886052981,-71.58651747884245,-52.42672336951692,6,runs/R9_strong_baselines_20261004/forecast-paired.json,False
strong_common,R9,3,72726,profile_ses,stored_prophet,-311.24414713744824,-536.0617883870156,-180.46369092182243,6,runs/R9_strong_baselines_20261004/forecast-paired.json,False
strong_common,R9,3,72726,profile_ses,last_value,-456.97856822441554,-963.8095993143712,-167.5686807451829,6,runs/R9_strong_baselines_20261004/forecast-paired.json,False
strong_common,R9,6,72822,profile_ses,category_seasonal,-26.009974233643284,-60.02064343098049,-0.8516531261359229,6,runs/R9_strong_baselines_20261004/forecast-paired.json,False
strong_common,R9,6,72822,profile_ses,growth_naive3,-73.4413618698067,-111.58641254967856,-32.194711417274654,6,runs/R9_strong_baselines_20261004/forecast-paired.json,False
strong_common,R9,6,72822,profile_ses,stored_prophet,-147.4488898985559,-293.52494063650664,-35.46061917578878,6,runs/R9_strong_baselines_20261004/forecast-paired.json,False
strong_common,R9,6,72822,profile_ses,last_value,-534.7998419361896,-915.9871213200732,-182.07442449886562,6,runs/R9_strong_baselines_20261004/forecast-paired.json,False
equal_information_pilot,R9,1,720,category_seasonal,conditional_prophet_yearly,-98.78408916936831,-133.76147940301664,-64.68951609398246,6,runs/R9_strong_baselines_20261004/forecast-equal-information-pilot.json,False
equal_information_pilot,R9,1,720,profile_ses,conditional_prophet_yearly,-108.41790309063401,-142.0079542521265,-81.16382531578212,6,runs/R9_strong_baselines_20261004/forecast-equal-information-pilot.json,False
equal_information_pilot,R9,1,720,conditional_ses,conditional_prophet_yearly,-95.93382433340282,-132.97047552270246,-58.788108390874974,6,runs/R9_strong_baselines_20261004/forecast-equal-information-pilot.json,False
equal_information_pilot,R9,1,720,growth_naive3,conditional_prophet_yearly,-75.963608030862,-101.58158432937115,-55.23587905850023,6,runs/R9_strong_baselines_20261004/forecast-equal-information-pilot.json,False
equal_information_pilot,R9,3,720,category_seasonal,conditional_prophet_yearly,-87.67201426752061,-129.7504023535794,-40.19822443224999,6,runs/R9_strong_baselines_20261004/forecast-equal-information-pilot.json,False
equal_information_pilot,R9,3,720,profile_ses,conditional_prophet_yearly,-156.70383569487367,-208.85549446507127,-115.40701309673828,6,runs/R9_strong_baselines_20261004/forecast-equal-information-pilot.json,False
equal_information_pilot,R9,3,720,conditional_ses,conditional_prophet_yearly,-83.66805432599709,-127.17550894198972,-30.477291727575093,6,runs/R9_strong_baselines_20261004/forecast-equal-information-pilot.json,False
equal_information_pilot,R9,3,720,growth_naive3,conditional_prophet_yearly,-118.63000671000574,-172.60377681251342,-73.92189851579747,6,runs/R9_strong_baselines_20261004/forecast-equal-information-pilot.json,False
equal_information_pilot,R9,6,720,category_seasonal,conditional_prophet_yearly,-77.17713015341539,-181.8705914919721,29.205492044428517,6,runs/R9_strong_baselines_20261004/forecast-equal-information-pilot.json,False
equal_information_pilot,R9,6,720,profile_ses,conditional_prophet_yearly,-127.59710933296836,-197.8249767075102,-52.65313727816182,6,runs/R9_strong_baselines_20261004/forecast-equal-information-pilot.json,False
equal_information_pilot,R9,6,720,conditional_ses,conditional_prophet_yearly,-81.63926813611306,-181.0873599762477,19.281001013819246,6,runs/R9_strong_baselines_20261004/forecast-equal-information-pilot.json,False
equal_information_pilot,R9,6,720,growth_naive3,conditional_prophet_yearly,-51.70779334664597,-112.31655998822693,38.68088780447695,6,runs/R9_strong_baselines_20261004/forecast-equal-information-pilot.json,False
equal_information_pilot,pre_R9,1,600,category_seasonal,conditional_prophet_yearly,-241.87466755390506,-323.09140740197563,-150.48825039650242,5,runs/R9_strong_baselines_20261004/forecast-equal-information-pilot.json,False
equal_information_pilot,pre_R9,1,600,profile_ses,conditional_prophet_yearly,-216.63515281940693,-321.0894361342625,-104.04520022101465,5,runs/R9_strong_baselines_20261004/forecast-equal-information-pilot.json,False
equal_information_pilot,pre_R9,1,600,conditional_ses,conditional_prophet_yearly,-250.88892530146356,-341.122307533015,-146.72979925066824,5,runs/R9_strong_baselines_20261004/forecast-equal-information-pilot.json,False
equal_information_pilot,pre_R9,1,600,growth_naive3,conditional_prophet_yearly,-220.30315828227515,-296.98548657643306,-138.23293143833143,5,runs/R9_strong_baselines_20261004/forecast-equal-information-pilot.json,False
equal_information_pilot,pre_R9,3,360,category_seasonal,conditional_prophet_yearly,-140.59258313048218,-180.65296939651842,-75.36061582677233,3,runs/R9_strong_baselines_20261004/forecast-equal-information-pilot.json,False
equal_information_pilot,pre_R9,3,360,profile_ses,conditional_prophet_yearly,-150.05294870150072,-218.40708850946015,-64.65526209207391,3,runs/R9_strong_baselines_20261004/forecast-equal-information-pilot.json,False
equal_information_pilot,pre_R9,3,360,conditional_ses,conditional_prophet_yearly,-142.64073135890968,-213.30758575735,-66.86216202386146,3,runs/R9_strong_baselines_20261004/forecast-equal-information-pilot.json,False
equal_information_pilot,pre_R9,3,360,growth_naive3,conditional_prophet_yearly,-161.88146020310478,-262.07132278069946,-85.44016344526132,3,runs/R9_strong_baselines_20261004/forecast-equal-information-pilot.json,False
national_h12,R9_Jul_Dec2024,12,73608,national_yoy_lag1,last_value,-636.9821086776955,-750.4575541471786,-525.6627198698908,6,runs/R10_national_h12_20261005/metrics.json,False
national_h12,R9_Jul_Dec2024,12,73608,national_yoy_lag1,stored_prophet,-458.2532724313338,-662.2567389595625,-252.9213426764695,6,runs/R10_national_h12_20261005/metrics.json,False
national_h12,R9_Jul_Dec2024,12,73608,national_yoy_lag2,last_value,-637.1925726068455,-748.1235198805438,-540.4057021870427,6,runs/R10_national_h12_20261005/metrics.json,False
national_h12,R9_Jul_Dec2024,12,73608,national_yoy_lag2,stored_prophet,-458.463736360484,-672.5305750461835,-221.5542909149907,6,runs/R10_national_h12_20261005/metrics.json,False
national_h12,R9_Jul_Dec2024,12,73608,national_yoy_lag3,last_value,-653.7367094312359,-735.7806027645817,-573.0577598117528,6,runs/R10_national_h12_20261005/metrics.json,False
national_h12,R9_Jul_Dec2024,12,73608,national_yoy_lag3,stored_prophet,-475.0078731848743,-664.6768400312794,-258.2021439323419,6,runs/R10_national_h12_20261005/metrics.json,False
R8_closeout,six_target_months_2024,pooled_original_R8_contract,171150,prophet,lastavailable,-148.8266563124015,-365.4493437823703,20.512474434467197,6,runs/R8_closeout_20260929/decision.json,False
R8_closeout,six_target_months_2024,pooled_original_R8_contract,171150,tsfm,prophet,207.6754576178508,-33.69728605795743,516.6638201111735,6,runs/R8_closeout_20260929/decision.json,False
R8_closeout,six_target_months_2024,pooled_original_R8_contract,171150,tsfm,lastavailable,58.84880130544936,-20.21632026580012,149.2200666217886,6,runs/R8_closeout_20260929/decision.json,False
