method,k,seed,endpoint,arm,n,mse_log2025
kmeans,2,20260921,employment,controls,1248,0.014194580047580212
kmeans,2,20260921,employment,legacy_shares6,1248,0.014260256232331283
kmeans,2,20260921,employment,legacy_shares6_log_mean6,1248,0.014155963015419545
kmeans,2,20260921,employment,legacy_volume_log_mean6,1248,0.014063037139177396
kmeans,2,20260921,employment,shares,1248,0.01421954589268818
kmeans,2,20260921,employment,shares_log_volume,1248,0.014181151250204053
kmeans,2,20260921,employment,volume,1248,0.014061666929073126
kmeans,2,20260921,wage,controls,1248,0.002992878744586358
kmeans,2,20260921,wage,legacy_shares6,1248,0.002994805604912883
kmeans,2,20260921,wage,legacy_shares6_log_mean6,1248,0.0029964091716119514
kmeans,2,20260921,wage,legacy_volume_log_mean6,1248,0.0029861916877271764
kmeans,2,20260921,wage,shares,1248,0.002994167810836717
kmeans,2,20260921,wage,shares_log_volume,1248,0.002999395402187447
kmeans,2,20260921,wage,volume,1248,0.0029875214805619296
kmeans,2,20261007,employment,controls,1248,0.014194580047580212
kmeans,2,20261007,employment,legacy_shares6,1248,0.014255085987745782
kmeans,2,20261007,employment,legacy_shares6_log_mean6,1248,0.014155963015419779
kmeans,2,20261007,employment,legacy_volume_log_mean6,1248,0.014063615015051783
kmeans,2,20261007,employment,shares,1248,0.014217650006847302
kmeans,2,20261007,employment,shares_log_volume,1248,0.014181906251477963
kmeans,2,20261007,employment,volume,1248,0.01406074986425938
kmeans,2,20261007,wage,controls,1248,0.002992878744586358
kmeans,2,20261007,wage,legacy_shares6,1248,0.002995356512506759
kmeans,2,20261007,wage,legacy_shares6_log_mean6,1248,0.0029964091716118235
kmeans,2,20261007,wage,legacy_volume_log_mean6,1248,0.0029878290802875587
kmeans,2,20261007,wage,shares,1248,0.0029944527233126596
kmeans,2,20261007,wage,shares_log_volume,1248,0.0029995548356353354
kmeans,2,20261007,wage,volume,1248,0.002987165226161567
kmeans,2,20261008,employment,controls,1248,0.014194580047580212
kmeans,2,20261008,employment,legacy_shares6,1248,0.014260281724818955
kmeans,2,20261008,employment,legacy_shares6_log_mean6,1248,0.014154982028236706
kmeans,2,20261008,employment,legacy_volume_log_mean6,1248,0.014063615015051779
kmeans,2,20261008,employment,shares,1248,0.01421345567867522
kmeans,2,20261008,employment,shares_log_volume,1248,0.014181239260372177
kmeans,2,20261008,employment,volume,1248,0.014061666929073105
kmeans,2,20261008,wage,controls,1248,0.002992878744586358
kmeans,2,20261008,wage,legacy_shares6,1248,0.002994884697122085
kmeans,2,20261008,wage,legacy_shares6_log_mean6,1248,0.002996469165259088
kmeans,2,20261008,wage,legacy_volume_log_mean6,1248,0.002987829080287573
kmeans,2,20261008,wage,shares,1248,0.0029938198273578506
kmeans,2,20261008,wage,shares_log_volume,1248,0.002999626539186218
kmeans,2,20261008,wage,volume,1248,0.002987521480561952
kmeans,2,20261009,employment,controls,1248,0.014194580047580212
kmeans,2,20261009,employment,legacy_shares6,1248,0.014235493273998623
kmeans,2,20261009,employment,legacy_shares6_log_mean6,1248,0.014154982028236415
kmeans,2,20261009,employment,legacy_volume_log_mean6,1248,0.014063615015051765
kmeans,2,20261009,employment,shares,1248,0.014217585613460319
kmeans,2,20261009,employment,shares_log_volume,1248,0.014164907918789944
kmeans,2,20261009,employment,volume,1248,0.014060749864259314
kmeans,2,20261009,wage,controls,1248,0.002992878744586358
kmeans,2,20261009,wage,legacy_shares6,1248,0.0029958077583021867
kmeans,2,20261009,wage,legacy_shares6_log_mean6,1248,0.0029964691652594327
kmeans,2,20261009,wage,legacy_volume_log_mean6,1248,0.0029878290802874694
kmeans,2,20261009,wage,shares,1248,0.002994473876530148
kmeans,2,20261009,wage,shares_log_volume,1248,0.002999628327612722
kmeans,2,20261009,wage,volume,1248,0.002987165226161688
kmeans,2,20261010,employment,controls,1248,0.014194580047580212
kmeans,2,20261010,employment,legacy_shares6,1248,0.014255111480233361
kmeans,2,20261010,employment,legacy_shares6_log_mean6,1248,0.014155963015419562
kmeans,2,20261010,employment,legacy_volume_log_mean6,1248,0.01406361501505181
kmeans,2,20261010,employment,shares,1248,0.014219481499301162
kmeans,2,20261010,employment,shares_log_volume,1248,0.014181151250204093
kmeans,2,20261010,employment,volume,1248,0.0140607498642595
kmeans,2,20261010,wage,controls,1248,0.002992878744586358
kmeans,2,20261010,wage,legacy_shares6,1248,0.002995435604715867
kmeans,2,20261010,wage,legacy_shares6_log_mean6,1248,0.0029964091716117446
kmeans,2,20261010,wage,legacy_volume_log_mean6,1248,0.002987829080287517
kmeans,2,20261010,wage,shares,1248,0.0029941889640540923
kmeans,2,20261010,wage,shares_log_volume,1248,0.0029993954021872303
kmeans,2,20261010,wage,volume,1248,0.0029871652261615144
kmeans,2,20261011,employment,controls,1248,0.014194580047580212
kmeans,2,20261011,employment,legacy_shares6,1248,0.014260256232331098
kmeans,2,20261011,employment,legacy_shares6_log_mean6,1248,0.01415596301541977
kmeans,2,20261011,employment,legacy_volume_log_mean6,1248,0.014063615015051814
kmeans,2,20261011,employment,shares,1248,0.014219821846495747
kmeans,2,20261011,employment,shares_log_volume,1248,0.014164152917515901
kmeans,2,20261011,employment,volume,1248,0.01406166692907314
kmeans,2,20261011,wage,controls,1248,0.002992878744586358
kmeans,2,20261011,wage,legacy_shares6,1248,0.0029948056049128795
kmeans,2,20261011,wage,legacy_shares6_log_mean6,1248,0.0029964091716120312
kmeans,2,20261011,wage,legacy_volume_log_mean6,1248,0.0029878290802875028
kmeans,2,20261011,wage,shares,1248,0.002994482625735689
kmeans,2,20261011,wage,shares_log_volume,1248,0.0029994688941648797
kmeans,2,20261011,wage,volume,1248,0.0029875214805619157
kmeans,5,20260921,employment,controls,1248,0.014194580047580212
kmeans,5,20260921,employment,legacy_shares6,1248,0.014234813717592157
kmeans,5,20260921,employment,legacy_shares6_log_mean6,1248,0.014081430264282232
kmeans,5,20260921,employment,legacy_volume_log_mean6,1248,0.01403226537974259
kmeans,5,20260921,employment,shares,1248,0.014177869454114068
kmeans,5,20260921,employment,shares_log_volume,1248,0.0141270752977356
kmeans,5,20260921,employment,volume,1248,0.013912632993824657
kmeans,5,20260921,wage,controls,1248,0.002992878744586358
kmeans,5,20260921,wage,legacy_shares6,1248,0.0030019257799628477
kmeans,5,20260921,wage,legacy_shares6_log_mean6,1248,0.003035916422853343
kmeans,5,20260921,wage,legacy_volume_log_mean6,1248,0.002988106450005471
kmeans,5,20260921,wage,shares,1248,0.003006258581561065
kmeans,5,20260921,wage,shares_log_volume,1248,0.0030443103920463274
kmeans,5,20260921,wage,volume,1248,0.00295778129635824
kmeans,5,20261007,employment,controls,1248,0.014194580047580212
kmeans,5,20261007,employment,legacy_shares6,1248,0.01423883851266838
kmeans,5,20261007,employment,legacy_shares6_log_mean6,1248,0.0140806019736623
kmeans,5,20261007,employment,legacy_volume_log_mean6,1248,0.014019662199745545
kmeans,5,20261007,employment,shares,1248,0.014181156789358683
kmeans,5,20261007,employment,shares_log_volume,1248,0.01413516129628325
kmeans,5,20261007,employment,volume,1248,0.01391687256387578
kmeans,5,20261007,wage,controls,1248,0.002992878744586358
kmeans,5,20261007,wage,legacy_shares6,1248,0.0030024050410142776
kmeans,5,20261007,wage,legacy_shares6_log_mean6,1248,0.0030363847843653167
kmeans,5,20261007,wage,legacy_volume_log_mean6,1248,0.002983774839480918
kmeans,5,20261007,wage,shares,1248,0.0030128012504233104
kmeans,5,20261007,wage,shares_log_volume,1248,0.0030205299232279013
kmeans,5,20261007,wage,volume,1248,0.0029580333598001477
kmeans,5,20261008,employment,controls,1248,0.014194580047580212
kmeans,5,20261008,employment,legacy_shares6,1248,0.014233363138165301
kmeans,5,20261008,employment,legacy_shares6_log_mean6,1248,0.014082898297038913
kmeans,5,20261008,employment,legacy_volume_log_mean6,1248,0.014019520015883975
kmeans,5,20261008,employment,shares,1248,0.014260315674443897
kmeans,5,20261008,employment,shares_log_volume,1248,0.014137160044109311
kmeans,5,20261008,employment,volume,1248,0.0139154874727104
kmeans,5,20261008,wage,controls,1248,0.002992878744586358
kmeans,5,20261008,wage,legacy_shares6,1248,0.0030019945303521663
kmeans,5,20261008,wage,legacy_shares6_log_mean6,1248,0.0030311601536959
kmeans,5,20261008,wage,legacy_volume_log_mean6,1248,0.002981596594512312
kmeans,5,20261008,wage,shares,1248,0.0030192450661676376
kmeans,5,20261008,wage,shares_log_volume,1248,0.0030329131340223314
kmeans,5,20261008,wage,volume,1248,0.0029561168069262528
kmeans,5,20261009,employment,controls,1248,0.014194580047580212
kmeans,5,20261009,employment,legacy_shares6,1248,0.01425085563362878
kmeans,5,20261009,employment,legacy_shares6_log_mean6,1248,0.014070287465110104
kmeans,5,20261009,employment,legacy_volume_log_mean6,1248,0.014044460265698144
kmeans,5,20261009,employment,shares,1248,0.014161062744817566
kmeans,5,20261009,employment,shares_log_volume,1248,0.014132659737905616
kmeans,5,20261009,employment,volume,1248,0.013915426381637412
kmeans,5,20261009,wage,controls,1248,0.002992878744586358
kmeans,5,20261009,wage,legacy_shares6,1248,0.0030018569017978038
kmeans,5,20261009,wage,legacy_shares6_log_mean6,1248,0.0030272588518358407
kmeans,5,20261009,wage,legacy_volume_log_mean6,1248,0.002987363699748167
kmeans,5,20261009,wage,shares,1248,0.00301282736599239
kmeans,5,20261009,wage,shares_log_volume,1248,0.003037792109750588
kmeans,5,20261009,wage,volume,1248,0.0029567942168955627
kmeans,5,20261010,employment,controls,1248,0.014194580047580212
kmeans,5,20261010,employment,legacy_shares6,1248,0.01423153584478347
kmeans,5,20261010,employment,legacy_shares6_log_mean6,1248,0.014072226778379692
kmeans,5,20261010,employment,legacy_volume_log_mean6,1248,0.01403357583189828
kmeans,5,20261010,employment,shares,1248,0.01419527404484734
kmeans,5,20261010,employment,shares_log_volume,1248,0.014151518040958492
kmeans,5,20261010,employment,volume,1248,0.013912954683452125
kmeans,5,20261010,wage,controls,1248,0.002992878744586358
kmeans,5,20261010,wage,legacy_shares6,1248,0.00300119935698658
kmeans,5,20261010,wage,legacy_shares6_log_mean6,1248,0.003035519318056458
kmeans,5,20261010,wage,legacy_volume_log_mean6,1248,0.002981702783573237
kmeans,5,20261010,wage,shares,1248,0.0030090900836019464
kmeans,5,20261010,wage,shares_log_volume,1248,0.0030262944233861657
kmeans,5,20261010,wage,volume,1248,0.002956668476765839
kmeans,5,20261011,employment,controls,1248,0.014194580047580212
kmeans,5,20261011,employment,legacy_shares6,1248,0.014222259142367891
kmeans,5,20261011,employment,legacy_shares6_log_mean6,1248,0.01408147606467404
kmeans,5,20261011,employment,legacy_volume_log_mean6,1248,0.01401942125047856
kmeans,5,20261011,employment,shares,1248,0.014166135719494127
kmeans,5,20261011,employment,shares_log_volume,1248,0.014134726975684258
kmeans,5,20261011,employment,volume,1248,0.013908360418597611
kmeans,5,20261011,wage,controls,1248,0.002992878744586358
kmeans,5,20261011,wage,legacy_shares6,1248,0.003001503975438858
kmeans,5,20261011,wage,legacy_shares6_log_mean6,1248,0.003031744681406898
kmeans,5,20261011,wage,legacy_volume_log_mean6,1248,0.0029825166995145055
kmeans,5,20261011,wage,shares,1248,0.003008963842042368
kmeans,5,20261011,wage,shares_log_volume,1248,0.0030351588313500873
kmeans,5,20261011,wage,volume,1248,0.002957384483400905
ward,2,20260921,employment,controls,1248,0.014194580047580212
ward,2,20260921,employment,legacy_shares6,1248,0.014309524303545294
ward,2,20260921,employment,legacy_shares6_log_mean6,1248,0.014178440138471724
ward,2,20260921,employment,legacy_volume_log_mean6,1248,0.014008503315026751
ward,2,20260921,employment,shares,1248,0.01420259902487635
ward,2,20260921,employment,shares_log_volume,1248,0.014185487538715557
ward,2,20260921,employment,volume,1248,0.01410594908577675
ward,2,20260921,wage,controls,1248,0.002992878744586358
ward,2,20260921,wage,legacy_shares6,1248,0.002997096550268398
ward,2,20260921,wage,legacy_shares6_log_mean6,1248,0.00300433223197352
ward,2,20260921,wage,legacy_volume_log_mean6,1248,0.003032657615163582
ward,2,20260921,wage,shares,1248,0.003009007122449412
ward,2,20260921,wage,shares_log_volume,1248,0.002989662242160698
ward,2,20260921,wage,volume,1248,0.0029996232303665946
ward,5,20260921,employment,controls,1248,0.014194580047580212
ward,5,20260921,employment,legacy_shares6,1248,0.01417299263856305
ward,5,20260921,employment,legacy_shares6_log_mean6,1248,0.018132579962118183
ward,5,20260921,employment,legacy_volume_log_mean6,1248,0.013913205578689181
ward,5,20260921,employment,shares,1248,0.01466172882993471
ward,5,20260921,employment,shares_log_volume,1248,0.015399372097467338
ward,5,20260921,employment,volume,1248,0.013797999788384297
ward,5,20260921,wage,controls,1248,0.002992878744586358
ward,5,20260921,wage,legacy_shares6,1248,0.00299029783669352
ward,5,20260921,wage,legacy_shares6_log_mean6,1248,0.003041656160276781
ward,5,20260921,wage,legacy_volume_log_mean6,1248,0.002998215615055538
ward,5,20260921,wage,shares,1248,0.0030502536680054224
ward,5,20260921,wage,shares_log_volume,1248,0.0031429121533983187
ward,5,20260921,wage,volume,1248,0.0029682957552872803
