method,k,seed,reference,arm,ARI
kmeans,5,20260921,shares,shares_log_volume,0.5979547815455912
kmeans,5,20260921,shares,volume,0.12543751998417574
kmeans,5,20260921,shares,legacy_shares6,0.41725356459193425
kmeans,5,20260921,shares,legacy_shares6_log_mean6,0.42803544347992123
kmeans,5,20260921,shares,legacy_volume_log_mean6,0.12549134273508122
kmeans,5,20261007,shares,shares_log_volume,0.6102062829036964
kmeans,5,20261007,shares,volume,0.12508573899216652
kmeans,5,20261007,shares,legacy_shares6,0.4279960208242982
kmeans,5,20261007,shares,legacy_shares6_log_mean6,0.43239823639014596
kmeans,5,20261007,shares,legacy_volume_log_mean6,0.12287954722169209
kmeans,5,20261008,shares,shares_log_volume,0.5948734899446422
kmeans,5,20261008,shares,volume,0.12547128410689756
kmeans,5,20261008,shares,legacy_shares6,0.4467010860835357
kmeans,5,20261008,shares,legacy_shares6_log_mean6,0.423153182960416
kmeans,5,20261008,shares,legacy_volume_log_mean6,0.12314239812483575
kmeans,5,20261009,shares,shares_log_volume,0.607196705694222
kmeans,5,20261009,shares,volume,0.12624305618022838
kmeans,5,20261009,shares,legacy_shares6,0.4195937368819015
kmeans,5,20261009,shares,legacy_shares6_log_mean6,0.4291522718193207
kmeans,5,20261009,shares,legacy_volume_log_mean6,0.12446292897402807
kmeans,5,20261010,shares,shares_log_volume,0.6021464664605274
kmeans,5,20261010,shares,volume,0.12490883840133468
kmeans,5,20261010,shares,legacy_shares6,0.4402009939922738
kmeans,5,20261010,shares,legacy_shares6_log_mean6,0.43386291413226397
kmeans,5,20261010,shares,legacy_volume_log_mean6,0.12460468098069663
kmeans,5,20261011,shares,shares_log_volume,0.594060102643932
kmeans,5,20261011,shares,volume,0.12420772526835518
kmeans,5,20261011,shares,legacy_shares6,0.44823386341887334
kmeans,5,20261011,shares,legacy_shares6_log_mean6,0.4360123905830351
kmeans,5,20261011,shares,legacy_volume_log_mean6,0.12314239812483575
kmeans,2,20260921,shares,shares_log_volume,0.7767536643941396
kmeans,2,20260921,shares,volume,0.38488811797552175
kmeans,2,20260921,shares,legacy_shares6,0.8707626915061821
kmeans,2,20260921,shares,legacy_shares6_log_mean6,0.7657011435376994
kmeans,2,20260921,shares,legacy_volume_log_mean6,0.37431141179643806
kmeans,2,20261007,shares,shares_log_volume,0.7730245223686295
kmeans,2,20261007,shares,volume,0.38256627359248524
kmeans,2,20261007,shares,legacy_shares6,0.8578276464302967
kmeans,2,20261007,shares,legacy_shares6_log_mean6,0.7659224045290847
kmeans,2,20261007,shares,legacy_volume_log_mean6,0.37204082407418715
kmeans,2,20261008,shares,shares_log_volume,0.7730245223686295
kmeans,2,20261008,shares,volume,0.38256627359248524
kmeans,2,20261008,shares,legacy_shares6,0.8750537294712034
kmeans,2,20261008,shares,legacy_shares6_log_mean6,0.7679363409410067
kmeans,2,20261008,shares,legacy_volume_log_mean6,0.37204082407418715
kmeans,2,20261009,shares,shares_log_volume,0.7730245223686295
kmeans,2,20261009,shares,volume,0.38256627359248524
kmeans,2,20261009,shares,legacy_shares6,0.8578276464302967
kmeans,2,20261009,shares,legacy_shares6_log_mean6,0.7679363409410067
kmeans,2,20261009,shares,legacy_volume_log_mean6,0.37204082407418715
kmeans,2,20261010,shares,shares_log_volume,0.778792179752023
kmeans,2,20261010,shares,volume,0.3864364208456723
kmeans,2,20261010,shares,legacy_shares6,0.8622494149923229
kmeans,2,20261010,shares,legacy_shares6_log_mean6,0.7677180115052256
kmeans,2,20261010,shares,legacy_volume_log_mean6,0.37585041687204435
kmeans,2,20261011,shares,shares_log_volume,0.7730245223686295
kmeans,2,20261011,shares,volume,0.38256627359248524
kmeans,2,20261011,shares,legacy_shares6,0.8707643432256734
kmeans,2,20261011,shares,legacy_shares6_log_mean6,0.7679363409410067
kmeans,2,20261011,shares,legacy_volume_log_mean6,0.37204082407418715
ward,5,20260921,shares,shares_log_volume,0.3405896315688025
ward,5,20260921,shares,volume,0.11620957899324436
ward,5,20260921,shares,legacy_shares6,0.309704580109633
ward,5,20260921,shares,legacy_shares6_log_mean6,0.2731750899231584
ward,5,20260921,shares,legacy_volume_log_mean6,0.10850504449835356
ward,2,20260921,shares,shares_log_volume,0.3160865816035653
ward,2,20260921,shares,volume,0.3434311839280729
ward,2,20260921,shares,legacy_shares6,0.4227762701464404
ward,2,20260921,shares,legacy_shares6_log_mean6,0.4387981553253968
ward,2,20260921,shares,legacy_volume_log_mean6,0.30875108800937606
