K,method_a,method_b,ari,nmi
3,kmeans,ward,0.3285977516651664,0.42345315432462494
3,kmeans,average,0.004939747660351921,0.01306790566827447
3,kmeans,gmm_diag,0.3409567374213959,0.4274899345748104
3,kmeans,spectral,0.3541486600339645,0.4831494584732577
3,kmeans,birch,0.39835311148494834,0.4016869924692848
3,ward,average,0.015206166994541909,0.030135665487874313
3,ward,gmm_diag,0.5584704743487229,0.5547135344467778
3,ward,spectral,0.4750005593617365,0.4969787068176685
3,ward,birch,0.2636427279299703,0.30617585490134464
3,average,gmm_diag,0.004261493491574891,0.022045433037793157
3,average,spectral,0.015888879798796055,0.007827800179250475
3,average,birch,0.00011600857689564298,0.019884320320648918
3,gmm_diag,spectral,0.3635670653735824,0.47203723451923046
3,gmm_diag,birch,0.2561342617397407,0.3124131438695701
3,spectral,birch,0.16543856624775607,0.29717261170726267
5,kmeans,ward,0.33162286676916003,0.4540226893057198
5,kmeans,average,0.15025812061413402,0.3403881956042213
5,kmeans,gmm_diag,0.2917489282274053,0.4120382798910946
5,kmeans,spectral,0.3545966790427293,0.48954568450186703
5,kmeans,birch,0.3065646893583423,0.3915687179670573
5,ward,average,0.27283532561513407,0.38296957686430266
5,ward,gmm_diag,0.26000341049917425,0.43891099128416655
5,ward,spectral,0.2637526258363526,0.42770846423278525
5,ward,birch,0.29175321195848397,0.4102598793586262
5,average,gmm_diag,0.16990781821552234,0.3492999839767275
5,average,spectral,0.33116891511326535,0.443022498808986
5,average,birch,0.13178290306526236,0.2690605450039593
5,gmm_diag,spectral,0.3269118942507593,0.42897642589537466
5,gmm_diag,birch,0.25563771734385,0.3501622682976708
5,spectral,birch,0.2688120865371899,0.37545914417847576
8,kmeans,ward,0.3812741243896297,0.5107544305091878
8,kmeans,average,0.12362680307265553,0.34195919726625645
8,kmeans,gmm_diag,0.36905284615242656,0.5054623404360168
8,kmeans,spectral,0.20976344939129538,0.4394664343002102
8,kmeans,birch,0.29093630647204016,0.4762951162028782
8,ward,average,0.19541865040400488,0.3997499802177405
8,ward,gmm_diag,0.2819526404327806,0.43060384453657913
8,ward,spectral,0.23320393182449814,0.4001009145982888
8,ward,birch,0.299399390972948,0.4866623625036451
8,average,gmm_diag,0.13664016260548992,0.3433357344321107
8,average,spectral,0.3369282249578728,0.44409486667633863
8,average,birch,0.2498556494484702,0.4376923176695105
8,gmm_diag,spectral,0.22650160247586865,0.4106714570693968
8,gmm_diag,birch,0.21295648310770332,0.40108889723392327
8,spectral,birch,0.22213242121164234,0.41509827902752316
