region,old_oktmo11,new_oktmo11,old_name,new_name,old_center,new_center,change_number_2024,effective_from,status,center_comparison
Свердловская область,65703000000,65502000000,Артемовский,Артемовский,г Артемовский,г Артемовский,765,01.01.2025,unique_name_candidate_not_legal_proof,same
Свердловская область,65704000000,65503000000,Артинский,Артинский,пгт Арти,пгт Арти,765,01.01.2025,unique_name_candidate_not_legal_proof,same
Свердловская область,65730000000,65504000000,Асбестовский,Асбестовский,г Асбест,г Асбест,765,01.01.2025,unique_name_candidate_not_legal_proof,same
Свердловская область,65705000000,65505000000,Ачитский,Ачитский,пгт Ачит,пгт Ачит,765,01.01.2025,unique_name_candidate_not_legal_proof,same
Свердловская область,65706000000,65506000000,Белоярский,Белоярский,пгт Белоярский,пгт Белоярский,765,01.01.2025,unique_name_candidate_not_legal_proof,same
Свердловская область,65731000000,65507000000,Березовский,Березовский,г Березовский,г Березовский,765,01.01.2025,unique_name_candidate_not_legal_proof,same
Свердловская область,65759000000,65508000000,Бисертский,Бисертский,пгт Бисерть,пгт Бисерть,765,01.01.2025,unique_name_candidate_not_legal_proof,same
Свердловская область,65708000000,65509000000,Верхнесалдинский,Верхнесалдинский,г Верхняя Салда,г Верхняя Салда,765,01.01.2025,unique_name_candidate_not_legal_proof,same
Свердловская область,65735000000,65510000000,Волчанский,Волчанский,г Волчанск,г Волчанск,765,01.01.2025,unique_name_candidate_not_legal_proof,same
Свердловская область,65710000000,65511000000,Гаринский,Гаринский,пгт Гари,пгт Гари,765,01.01.2025,unique_name_candidate_not_legal_proof,same
Свердловская область,65717000000,65512000000,Горноуральский,Горноуральский,г Нижний Тагил,,765,01.01.2025,unique_name_candidate_not_legal_proof,missing_or_different
Свердловская область,65751000000,65513000000,город Нижний Тагил,город Нижний Тагил,г Нижний Тагил,г Нижний Тагил,765,01.01.2025,unique_name_candidate_not_legal_proof,same
Свердловская область,65707000000,65514000000,Богданович,Богданович,г Богданович,г Богданович,765,01.01.2025,unique_name_candidate_not_legal_proof,same
Свердловская область,65733000000,65515000000,Верхний Тагил,Верхний Тагил,г Верхний Тагил,г Верхний Тагил,765,01.01.2025,unique_name_candidate_not_legal_proof,same
Свердловская область,65709000000,65516000000,Верхотурский,Верхотурский,г Верхотурье,г Верхотурье,765,01.01.2025,unique_name_candidate_not_legal_proof,same
Свердловская область,65736000000,65517000000,Дегтярск,Дегтярск,г Дегтярск,г Дегтярск,765,01.01.2025,unique_name_candidate_not_legal_proof,same
Свердловская область,65737000000,65518000000,Заречный,Заречный,г Заречный,г Заречный,765,01.01.2025,unique_name_candidate_not_legal_proof,same
Свердловская область,65742000000,65519000000,Карпинск,Карпинск,г Карпинск,г Карпинск,765,01.01.2025,unique_name_candidate_not_legal_proof,same
Свердловская область,65745000000,65520000000,Краснотурьинск,Краснотурьинск,г Краснотурьинск,г Краснотурьинск,765,01.01.2025,unique_name_candidate_not_legal_proof,same
Свердловская область,65746000000,65521000000,Красноуральск,Красноуральск,г Красноуральск,г Красноуральск,765,01.01.2025,unique_name_candidate_not_legal_proof,same
Свердловская область,65750000000,65522000000,Нижняя Салда,Нижняя Салда,г Нижняя Салда,г Нижняя Салда,765,01.01.2025,unique_name_candidate_not_legal_proof,same
Свердловская область,65764000000,65523000000,Пелым,Пелым,пгт Пелым,пгт Пелым,765,01.01.2025,unique_name_candidate_not_legal_proof,same
Свердловская область,65753000000,65524000000,Первоуральск,Первоуральск,г Первоуральск,г Первоуральск,765,01.01.2025,unique_name_candidate_not_legal_proof,same
Свердловская область,65719000000,65525000000,Ревда,Ревда,г Ревда,г Ревда,765,01.01.2025,unique_name_candidate_not_legal_proof,same
Свердловская область,65757000000,65526000000,Среднеуральск,Среднеуральск,г Среднеуральск,г Среднеуральск,765,01.01.2025,unique_name_candidate_not_legal_proof,same
Свердловская область,65766000000,65527000000,Староуткинск,Староуткинск,пгт Староуткинск,пгт Староуткинск,765,01.01.2025,unique_name_candidate_not_legal_proof,same
Свердловская область,65758000000,65528000000,Сухой Лог,Сухой Лог,г Сухой Лог,г Сухой Лог,765,01.01.2025,unique_name_candidate_not_legal_proof,same
Свердловская область,65738000000,65529000000,Ивдельский,Ивдельский,г Ивдель,г Ивдель,765,01.01.2025,unique_name_candidate_not_legal_proof,same
Свердловская область,,65530000000,,Ирбитский,,,765,01.01.2025,unresolved_name_mismatch,missing_or_different
Свердловская область,65712000000,65531000000,Каменский,Каменский,г Каменск-Уральский,,765,01.01.2025,unique_name_candidate_not_legal_proof,missing_or_different
Свердловская область,65743000000,65532000000,Качканарский,Качканарский,г Качканар,г Качканар,765,01.01.2025,unique_name_candidate_not_legal_proof,same
Свердловская область,65744000000,65533000000,Кировградский,Кировградский,г Кировград,г Кировград,765,01.01.2025,unique_name_candidate_not_legal_proof,same
Свердловская область,65748000000,65534000000,Кушвинский,Кушвинский,г Кушва,г Кушва,765,01.01.2025,unique_name_candidate_not_legal_proof,same
Свердловская область,65762000000,65535000000,Малышевский,Малышевский,пгт Малышева,пгт Малышева,765,01.01.2025,unique_name_candidate_not_legal_proof,same
Свердловская область,,65536000000,,Махнёвский,,пгт Махнёво,765,01.01.2025,unresolved_name_mismatch,missing_or_different
Свердловская область,65771000000,65537000000,Алапаевское,Алапаевское,г Алапаевск,,765,01.01.2025,unique_name_candidate_not_legal_proof,missing_or_different
Свердловская область,65728000000,65538000000,город Алапаевск,город Алапаевск,г Алапаевск,г Алапаевск,765,01.01.2025,unique_name_candidate_not_legal_proof,same
Свердловская область,65713000000,65539000000,Красноуфимский округ,Красноуфимский округ,г Красноуфимск,,765,01.01.2025,unique_name_candidate_not_legal_proof,missing_or_different
Свердловская область,65714000000,65541000000,Невьянский,Невьянский,г Невьянск,г Невьянск,765,01.01.2025,unique_name_candidate_not_legal_proof,same
Свердловская область,65715000000,65543000000,Нижнетуринский,Нижнетуринский,г Нижняя Тура,г Нижняя Тура,765,01.01.2025,unique_name_candidate_not_legal_proof,same
Свердловская область,65716000000,65544000000,Новолялинский,Новолялинский,г Новая Ляля,г Новая Ляля,765,01.01.2025,unique_name_candidate_not_legal_proof,same
Свердловская область,65754000000,65545000000,Полевской,Полевской,г Полевской,г Полевской,765,01.01.2025,unique_name_candidate_not_legal_proof,same
Свердловская область,65718000000,65546000000,Пышминский,Пышминский,пгт Пышма,пгт Пышма,765,01.01.2025,unique_name_candidate_not_legal_proof,same
Свердловская область,65720000000,65547000000,Режевской,Режевской,г Реж,г Реж,765,01.01.2025,unique_name_candidate_not_legal_proof,same
Свердловская область,65755000000,65548000000,Североуральский,Североуральский,г Североуральск,г Североуральск,765,01.01.2025,unique_name_candidate_not_legal_proof,same
Свердловская область,65756000000,65549000000,Серовский,Серовский,г Серов,г Серов,765,01.01.2025,unique_name_candidate_not_legal_proof,same
Свердловская область,65721000000,65551000000,Сосьвинский,Сосьвинский,пгт Сосьва,пгт Сосьва,765,01.01.2025,unique_name_candidate_not_legal_proof,same
Свердловская область,65722000000,65552000000,Сысертский,Сысертский,г Сысерть,г Сысерть,765,01.01.2025,unique_name_candidate_not_legal_proof,same
Свердловская область,65723000000,65553000000,Тавдинский,Тавдинский,г Тавда,г Тавда,765,01.01.2025,unique_name_candidate_not_legal_proof,same
Свердловская область,65724000000,65554000000,Талицкий,Талицкий,г Талица,г Талица,765,01.01.2025,unique_name_candidate_not_legal_proof,same
Свердловская область,65725000000,65555000000,Тугулымский,Тугулымский,пгт Тугулым,пгт Тугулым,765,01.01.2025,unique_name_candidate_not_legal_proof,same
Свердловская область,65726000000,65556000000,Туринский,Туринский,г Туринск,г Туринск,765,01.01.2025,unique_name_candidate_not_legal_proof,same
Свердловская область,65727000000,65557000000,Шалинский,Шалинский,пгт Шаля,пгт Шаля,765,01.01.2025,unique_name_candidate_not_legal_proof,same
Смоленская область,66603000000,66503000000,Велижский муниципальный район,Велижский муниципальный округ,г Велиж,г Велиж,740,01.01.2025,unique_name_candidate_not_legal_proof,same
Смоленская область,66605000000,66505000000,Вяземский муниципальный район,Вяземский муниципальный округ,г Вязьма,г Вязьма,740,01.01.2025,unique_name_candidate_not_legal_proof,same
Смоленская область,66608000000,66508000000,Гагаринский муниципальный район,Гагаринский муниципальный округ,г Гагарин,г Гагарин,740,01.01.2025,unique_name_candidate_not_legal_proof,same
Смоленская область,66609000000,66509000000,Глинковский муниципальный район,Глинковский муниципальный округ,с Глинка,с Глинка,740,01.01.2025,unique_name_candidate_not_legal_proof,same
Смоленская область,66611000000,66511000000,Демидовский муниципальный район,Демидовский муниципальный округ,г Демидов,г Демидов,740,01.01.2025,unique_name_candidate_not_legal_proof,same
Смоленская область,66614000000,66514000000,Дорогобужский муниципальный район,Дорогобужский муниципальный округ,г Дорогобуж,г Дорогобуж,740,01.01.2025,unique_name_candidate_not_legal_proof,same
Смоленская область,66616000000,66516000000,Духовщинский муниципальный район,Духовщинский муниципальный округ,г Духовщина,г Духовщина,740,01.01.2025,unique_name_candidate_not_legal_proof,same
Смоленская область,66619000000,66519000000,Ельнинский муниципальный район,Ельнинский муниципальный округ,г Ельня,г Ельня,740,01.01.2025,unique_name_candidate_not_legal_proof,same
Смоленская область,66621000000,66521000000,Ершичский муниципальный район,Ершичский муниципальный округ,с Ершичи,с Ершичи,740,01.01.2025,unique_name_candidate_not_legal_proof,same
Смоленская область,66623000000,66523000000,Кардымовский муниципальный район,Кардымовский муниципальный округ,пгт Кардымово,пгт Кардымово,740,01.01.2025,unique_name_candidate_not_legal_proof,same
Смоленская область,66624000000,66524000000,Краснинский муниципальный район,Краснинский муниципальный округ,пгт Красный,пгт Красный,740,01.01.2025,unique_name_candidate_not_legal_proof,same
Смоленская область,66627000000,66527000000,Монастырщинский муниципальный район,Монастырщинский муниципальный округ,пгт Монастырщина,пгт Монастырщина,740,01.01.2025,unique_name_candidate_not_legal_proof,same
Смоленская область,66630000000,66530000000,Новодугинский муниципальный район,Новодугинский муниципальный округ,с Новодугино,с Новодугино,740,01.01.2025,unique_name_candidate_not_legal_proof,same
Смоленская область,66633000000,66533000000,Починковский муниципальный район,Починковский муниципальный округ,г Починок,г Починок,741,01.01.2025,unique_name_candidate_not_legal_proof,same
Смоленская область,66636000000,66536000000,Рославльский муниципальный район,Рославльский муниципальный округ,г Рославль,г Рославль,741,01.01.2025,unique_name_candidate_not_legal_proof,same
Смоленская область,66638000000,66538000000,Руднянский муниципальный район,Руднянский муниципальный округ,г Рудня,г Рудня,741,01.01.2025,unique_name_candidate_not_legal_proof,same
Смоленская область,66641000000,66541000000,Сафоновский муниципальный район,Сафоновский муниципальный округ,г Сафоново,г Сафоново,741,01.01.2025,unique_name_candidate_not_legal_proof,same
Смоленская область,66644000000,66544000000,Смоленский муниципальный район,Смоленский муниципальный округ,г Смоленск,г Смоленск,741,01.01.2025,unique_name_candidate_not_legal_proof,same
Смоленская область,66646000000,66546000000,Сычевский муниципальный район,Сычевский муниципальный округ,г Сычевка,г Сычевка,741,01.01.2025,unique_name_candidate_not_legal_proof,same
Смоленская область,66648000000,66548000000,Темкинский муниципальный район,Темкинский муниципальный округ,с Темкино,с Темкино,741,01.01.2025,unique_name_candidate_not_legal_proof,same
Смоленская область,66650000000,66550000000,Угранский муниципальный район,Угранский муниципальный округ,с Угра,с Угра,741,01.01.2025,unique_name_candidate_not_legal_proof,same
Смоленская область,66652000000,66552000000,Хиславичский муниципальный район,Хиславичский муниципальный округ,пгт Хиславичи,пгт Хиславичи,741,01.01.2025,unique_name_candidate_not_legal_proof,same
Смоленская область,66654000000,66554000000,Холм-Жирковский муниципальный район,Холм-Жирковский муниципальный округ,пгт Холм-Жирковский,пгт Холм-Жирковский,741,01.01.2025,unique_name_candidate_not_legal_proof,same
Смоленская область,66656000000,66556000000,Шумячский муниципальный район,Шумячский муниципальный округ,пгт Шумячи,пгт Шумячи,741,01.01.2025,unique_name_candidate_not_legal_proof,same
Смоленская область,66658000000,66558000000,Ярцевский муниципальный район,Ярцевский муниципальный округ,г Ярцево,г Ярцево,741,01.01.2025,unique_name_candidate_not_legal_proof,same
