oktmo,name,valid_from,source_url
66503000000,Велижский муниципальный округ,2025-01-01,https://67.rosstat.gov.ru/mosml
66505000000,Вяземский муниципальный округ,2025-01-01,https://67.rosstat.gov.ru/mosml
66508000000,Гагаринский муниципальный округ,2025-01-01,https://67.rosstat.gov.ru/mosml
66509000000,Глинковский муниципальный округ,2025-01-01,https://67.rosstat.gov.ru/mosml
66511000000,Демидовский муниципальный округ,2025-01-01,https://67.rosstat.gov.ru/mosml
66514000000,Дорогобужский муниципальный округ,2025-01-01,https://67.rosstat.gov.ru/mosml
66516000000,Духовщинский муниципальный округ,2025-01-01,https://67.rosstat.gov.ru/mosml
66519000000,Ельнинский муниципальный округ,2025-01-01,https://67.rosstat.gov.ru/mosml
66521000000,Ершичский муниципальный округ,2025-01-01,https://67.rosstat.gov.ru/mosml
66523000000,Кардымовский муниципальный округ,2025-01-01,https://67.rosstat.gov.ru/mosml
66524000000,Краснинский муниципальный округ,2025-01-01,https://67.rosstat.gov.ru/mosml
66527000000,Монастырщинский муниципальный округ,2025-01-01,https://67.rosstat.gov.ru/mosml
66530000000,Новодугинский муниципальный округ,2025-01-01,https://67.rosstat.gov.ru/mosml
66533000000,Починковский муниципальный округ,2025-01-01,https://67.rosstat.gov.ru/mosml
66536000000,Рославльский муниципальный округ,2025-01-01,https://67.rosstat.gov.ru/mosml
66538000000,Руднянский муниципальный округ,2025-01-01,https://67.rosstat.gov.ru/mosml
66541000000,Сафоновский муниципальный округ,2025-01-01,https://67.rosstat.gov.ru/mosml
66544000000,Смоленский муниципальный округ,2025-01-01,https://67.rosstat.gov.ru/mosml
66546000000,Сычевский муниципальный округ,2025-01-01,https://67.rosstat.gov.ru/mosml
66548000000,Темкинский муниципальный округ,2025-01-01,https://67.rosstat.gov.ru/mosml
66550000000,Угранский муниципальный округ,2025-01-01,https://67.rosstat.gov.ru/mosml
66552000000,Хиславичский муниципальный округ,2025-01-01,https://67.rosstat.gov.ru/mosml
66554000000,Холм-Жирковский муниципальный округ,2025-01-01,https://67.rosstat.gov.ru/mosml
66556000000,Шумячский муниципальный округ,2025-01-01,https://67.rosstat.gov.ru/mosml
66558000000,Ярцевский муниципальный округ,2025-01-01,https://67.rosstat.gov.ru/mosml
