oktmo8,oktmo11_padded,name_in_classifier,valid_from,source_url
65502000,65502000000,Артемовский,2025-01-01,https://66.rosstat.gov.ru/storage/mediabank/%D0%9E%D0%9A%D0%A2%D0%9C%D0%9E(1).pdf
65503000,65503000000,Артинский,2025-01-01,https://66.rosstat.gov.ru/storage/mediabank/%D0%9E%D0%9A%D0%A2%D0%9C%D0%9E(1).pdf
65504000,65504000000,Асбестовский,2025-01-01,https://66.rosstat.gov.ru/storage/mediabank/%D0%9E%D0%9A%D0%A2%D0%9C%D0%9E(1).pdf
65505000,65505000000,Ачитский,2025-01-01,https://66.rosstat.gov.ru/storage/mediabank/%D0%9E%D0%9A%D0%A2%D0%9C%D0%9E(1).pdf
65506000,65506000000,Белоярский,2025-01-01,https://66.rosstat.gov.ru/storage/mediabank/%D0%9E%D0%9A%D0%A2%D0%9C%D0%9E(1).pdf
65507000,65507000000,Березовский,2025-01-01,https://66.rosstat.gov.ru/storage/mediabank/%D0%9E%D0%9A%D0%A2%D0%9C%D0%9E(1).pdf
65508000,65508000000,Бисертский,2025-01-01,https://66.rosstat.gov.ru/storage/mediabank/%D0%9E%D0%9A%D0%A2%D0%9C%D0%9E(1).pdf
65509000,65509000000,Верхнесалдинский,2025-01-01,https://66.rosstat.gov.ru/storage/mediabank/%D0%9E%D0%9A%D0%A2%D0%9C%D0%9E(1).pdf
65510000,65510000000,Волчанский,2025-01-01,https://66.rosstat.gov.ru/storage/mediabank/%D0%9E%D0%9A%D0%A2%D0%9C%D0%9E(1).pdf
65511000,65511000000,Гаринский,2025-01-01,https://66.rosstat.gov.ru/storage/mediabank/%D0%9E%D0%9A%D0%A2%D0%9C%D0%9E(1).pdf
65512000,65512000000,Горноуральский,2025-01-01,https://66.rosstat.gov.ru/storage/mediabank/%D0%9E%D0%9A%D0%A2%D0%9C%D0%9E(1).pdf
65513000,65513000000,город Нижний Тагил,2025-01-01,https://66.rosstat.gov.ru/storage/mediabank/%D0%9E%D0%9A%D0%A2%D0%9C%D0%9E(1).pdf
65514000,65514000000,Богданович,2025-01-01,https://66.rosstat.gov.ru/storage/mediabank/%D0%9E%D0%9A%D0%A2%D0%9C%D0%9E(1).pdf
65515000,65515000000,Верхний Тагил,2025-01-01,https://66.rosstat.gov.ru/storage/mediabank/%D0%9E%D0%9A%D0%A2%D0%9C%D0%9E(1).pdf
65516000,65516000000,Верхотурский,2025-01-01,https://66.rosstat.gov.ru/storage/mediabank/%D0%9E%D0%9A%D0%A2%D0%9C%D0%9E(1).pdf
65517000,65517000000,Дегтярск,2025-01-01,https://66.rosstat.gov.ru/storage/mediabank/%D0%9E%D0%9A%D0%A2%D0%9C%D0%9E(1).pdf
65518000,65518000000,Заречный,2025-01-01,https://66.rosstat.gov.ru/storage/mediabank/%D0%9E%D0%9A%D0%A2%D0%9C%D0%9E(1).pdf
65519000,65519000000,Карпинск,2025-01-01,https://66.rosstat.gov.ru/storage/mediabank/%D0%9E%D0%9A%D0%A2%D0%9C%D0%9E(1).pdf
65520000,65520000000,Краснотурьинск,2025-01-01,https://66.rosstat.gov.ru/storage/mediabank/%D0%9E%D0%9A%D0%A2%D0%9C%D0%9E(1).pdf
65521000,65521000000,Красноуральск,2025-01-01,https://66.rosstat.gov.ru/storage/mediabank/%D0%9E%D0%9A%D0%A2%D0%9C%D0%9E(1).pdf
65522000,65522000000,Нижняя Салда,2025-01-01,https://66.rosstat.gov.ru/storage/mediabank/%D0%9E%D0%9A%D0%A2%D0%9C%D0%9E(1).pdf
65523000,65523000000,Пелым,2025-01-01,https://66.rosstat.gov.ru/storage/mediabank/%D0%9E%D0%9A%D0%A2%D0%9C%D0%9E(1).pdf
65524000,65524000000,Первоуральск,2025-01-01,https://66.rosstat.gov.ru/storage/mediabank/%D0%9E%D0%9A%D0%A2%D0%9C%D0%9E(1).pdf
65525000,65525000000,Ревда,2025-01-01,https://66.rosstat.gov.ru/storage/mediabank/%D0%9E%D0%9A%D0%A2%D0%9C%D0%9E(1).pdf
65526000,65526000000,Среднеуральск,2025-01-01,https://66.rosstat.gov.ru/storage/mediabank/%D0%9E%D0%9A%D0%A2%D0%9C%D0%9E(1).pdf
65527000,65527000000,Староуткинск,2025-01-01,https://66.rosstat.gov.ru/storage/mediabank/%D0%9E%D0%9A%D0%A2%D0%9C%D0%9E(1).pdf
65528000,65528000000,Сухой Лог,2025-01-01,https://66.rosstat.gov.ru/storage/mediabank/%D0%9E%D0%9A%D0%A2%D0%9C%D0%9E(1).pdf
65529000,65529000000,Ивдельский,2025-01-01,https://66.rosstat.gov.ru/storage/mediabank/%D0%9E%D0%9A%D0%A2%D0%9C%D0%9E(1).pdf
65530000,65530000000,Ирбитский,2025-01-01,https://66.rosstat.gov.ru/storage/mediabank/%D0%9E%D0%9A%D0%A2%D0%9C%D0%9E(1).pdf
65531000,65531000000,Каменский,2025-01-01,https://66.rosstat.gov.ru/storage/mediabank/%D0%9E%D0%9A%D0%A2%D0%9C%D0%9E(1).pdf
65532000,65532000000,Качканарский,2025-01-01,https://66.rosstat.gov.ru/storage/mediabank/%D0%9E%D0%9A%D0%A2%D0%9C%D0%9E(1).pdf
65533000,65533000000,Кировградский,2025-01-01,https://66.rosstat.gov.ru/storage/mediabank/%D0%9E%D0%9A%D0%A2%D0%9C%D0%9E(1).pdf
65534000,65534000000,Кушвинский,2025-01-01,https://66.rosstat.gov.ru/storage/mediabank/%D0%9E%D0%9A%D0%A2%D0%9C%D0%9E(1).pdf
65535000,65535000000,Малышевский,2025-01-01,https://66.rosstat.gov.ru/storage/mediabank/%D0%9E%D0%9A%D0%A2%D0%9C%D0%9E(1).pdf
65536000,65536000000,Махнѐвский,2025-01-01,https://66.rosstat.gov.ru/storage/mediabank/%D0%9E%D0%9A%D0%A2%D0%9C%D0%9E(1).pdf
65537000,65537000000,Алапаевское,2025-01-01,https://66.rosstat.gov.ru/storage/mediabank/%D0%9E%D0%9A%D0%A2%D0%9C%D0%9E(1).pdf
65538000,65538000000,город Алапаевск,2025-01-01,https://66.rosstat.gov.ru/storage/mediabank/%D0%9E%D0%9A%D0%A2%D0%9C%D0%9E(1).pdf
65539000,65539000000,Красноуфимский округ,2025-01-01,https://66.rosstat.gov.ru/storage/mediabank/%D0%9E%D0%9A%D0%A2%D0%9C%D0%9E(1).pdf
65541000,65541000000,Невьянский,2025-01-01,https://66.rosstat.gov.ru/storage/mediabank/%D0%9E%D0%9A%D0%A2%D0%9C%D0%9E(1).pdf
65543000,65543000000,Нижнетуринский,2025-01-01,https://66.rosstat.gov.ru/storage/mediabank/%D0%9E%D0%9A%D0%A2%D0%9C%D0%9E(1).pdf
65544000,65544000000,Новолялинский,2025-01-01,https://66.rosstat.gov.ru/storage/mediabank/%D0%9E%D0%9A%D0%A2%D0%9C%D0%9E(1).pdf
65545000,65545000000,Полевской,2025-01-01,https://66.rosstat.gov.ru/storage/mediabank/%D0%9E%D0%9A%D0%A2%D0%9C%D0%9E(1).pdf
65546000,65546000000,Пышминский,2025-01-01,https://66.rosstat.gov.ru/storage/mediabank/%D0%9E%D0%9A%D0%A2%D0%9C%D0%9E(1).pdf
65547000,65547000000,Режевской,2025-01-01,https://66.rosstat.gov.ru/storage/mediabank/%D0%9E%D0%9A%D0%A2%D0%9C%D0%9E(1).pdf
65548000,65548000000,Североуральский,2025-01-01,https://66.rosstat.gov.ru/storage/mediabank/%D0%9E%D0%9A%D0%A2%D0%9C%D0%9E(1).pdf
65549000,65549000000,Серовский,2025-01-01,https://66.rosstat.gov.ru/storage/mediabank/%D0%9E%D0%9A%D0%A2%D0%9C%D0%9E(1).pdf
65551000,65551000000,Сосьвинский,2025-01-01,https://66.rosstat.gov.ru/storage/mediabank/%D0%9E%D0%9A%D0%A2%D0%9C%D0%9E(1).pdf
65552000,65552000000,Сысертский,2025-01-01,https://66.rosstat.gov.ru/storage/mediabank/%D0%9E%D0%9A%D0%A2%D0%9C%D0%9E(1).pdf
65553000,65553000000,Тавдинский,2025-01-01,https://66.rosstat.gov.ru/storage/mediabank/%D0%9E%D0%9A%D0%A2%D0%9C%D0%9E(1).pdf
65554000,65554000000,Талицкий,2025-01-01,https://66.rosstat.gov.ru/storage/mediabank/%D0%9E%D0%9A%D0%A2%D0%9C%D0%9E(1).pdf
65555000,65555000000,Тугулымский,2025-01-01,https://66.rosstat.gov.ru/storage/mediabank/%D0%9E%D0%9A%D0%A2%D0%9C%D0%9E(1).pdf
65556000,65556000000,Туринский,2025-01-01,https://66.rosstat.gov.ru/storage/mediabank/%D0%9E%D0%9A%D0%A2%D0%9C%D0%9E(1).pdf
65557000,65557000000,Шалинский,2025-01-01,https://66.rosstat.gov.ru/storage/mediabank/%D0%9E%D0%9A%D0%A2%D0%9C%D0%9E(1).pdf
