anchor,anchor_tid,status,rank,peer_tid,peer_name,peer_region,distance,population_ratio_peer_to_anchor,exposure_status
Орск,1673,MATCHED_DESCRIPTIVE,1,2010,Серовский,66,1.06890908922409,0.5201172897685622,UNKNOWN
Орск,1673,MATCHED_DESCRIPTIVE,2,2320,Рыбинск,76,1.2269181173073433,0.9106189129751806,UNKNOWN
Орск,1673,MATCHED_DESCRIPTIVE,3,1986,Каменск-Уральский,66,1.43355784836887,0.8619436590218871,UNKNOWN
Орск,1673,MATCHED_DESCRIPTIVE,4,988,Ковров,33,1.457578825095404,0.6824117708660593,UNKNOWN
Орск,1673,MATCHED_DESCRIPTIVE,5,1231,Междуреченский,42,1.4935035464494961,0.5055974447586135,UNKNOWN
Орск,1673,MATCHED_DESCRIPTIVE,6,3011,Златоустовский,74,1.5083133423657098,0.845507382972039,UNKNOWN
Орск,1673,MATCHED_DESCRIPTIVE,7,1236,Прокопьевский,42,1.521027772194506,0.9155880196879255,UNKNOWN
Орск,1673,MATCHED_DESCRIPTIVE,8,2004,Первоуральск,66,1.6011181873844222,0.6880720494292596,UNKNOWN
Орск,1673,MATCHED_DESCRIPTIVE,9,667,Ачинск,24,1.620785178268348,0.5308618703529165,UNKNOWN
Орск,1673,MATCHED_DESCRIPTIVE,10,2279,Копейский,74,1.6249228662688837,0.7764792124829825,UNKNOWN
Курган,1333,MATCHED_DESCRIPTIVE,1,1236,Прокопьевский,42,0.9937476863470511,0.5723605178311321,UNKNOWN
Курган,1333,MATCHED_DESCRIPTIVE,2,1986,Каменск-Уральский,66,1.080923756347389,0.5388258784635276,UNKNOWN
Курган,1333,MATCHED_DESCRIPTIVE,3,1707,Орёл,57,1.1548983155932115,0.970959558763359,UNKNOWN
Курган,1333,MATCHED_DESCRIPTIVE,4,1136,Братск,38,1.170272807171002,0.7241910934354593,UNKNOWN
Курган,1333,MATCHED_DESCRIPTIVE,5,3011,Златоустовский,74,1.1903169953594435,0.5285510875435754,UNKNOWN
Курган,1333,MATCHED_DESCRIPTIVE,6,2000,Нижний Тагил,66,1.2263223063457238,1.1028264676519206,UNKNOWN
Курган,1333,MATCHED_DESCRIPTIVE,7,2320,Рыбинск,76,1.2413539339144437,0.5692541856925418,UNKNOWN
Курган,1333,MATCHED_DESCRIPTIVE,8,1135,Ангарский,38,1.2496743546857365,0.753041685078804,UNKNOWN
Курган,1333,MATCHED_DESCRIPTIVE,9,1303,Кострома,44,1.2963494851833244,0.8705749496734915,UNKNOWN
Курган,1333,MATCHED_DESCRIPTIVE,10,1764,Псков,60,1.311798447637802,0.6196788923258212,UNKNOWN
Ишим,2192,MATCHED_DESCRIPTIVE,1,452,Черногорск,19,0.7119110156153754,1.1568400255507525,UNKNOWN
Ишим,2192,MATCHED_DESCRIPTIVE,2,2032,Сысертский,66,0.8592050624675854,0.9528053834841125,UNKNOWN
Ишим,2192,MATCHED_DESCRIPTIVE,3,1109,Кинешма,37,0.9191017430840593,1.126357383721794,UNKNOWN
Ишим,2192,MATCHED_DESCRIPTIVE,4,674,Канск,24,0.9264580365397358,1.278042693524667,UNKNOWN
Ишим,2192,MATCHED_DESCRIPTIVE,5,1142,Черемхово,38,0.9504808659258835,0.7934845581353893,UNKNOWN
Ишим,2192,MATCHED_DESCRIPTIVE,6,667,Ачинск,24,0.9578796276369256,1.5060683036974316,UNKNOWN
Ишим,2192,MATCHED_DESCRIPTIVE,7,2620,Соликамский,59,1.085785376428106,1.496382785923318,UNKNOWN
Ишим,2192,MATCHED_DESCRIPTIVE,8,2006,Ревда,66,1.1123429945109133,0.9025654738030512,UNKNOWN
Ишим,2192,MATCHED_DESCRIPTIVE,9,1226,Беловский,42,1.123663207784624,1.7840070116018243,UNKNOWN
Ишим,2192,MATCHED_DESCRIPTIVE,10,1141,Усть-Илимск,38,1.1495217434695424,1.1653074260587963,UNKNOWN
