municipality,category,model,target,anchor_residual_percent,comparison_median_percent,gap_pp
Орск,Все категории,category_seasonal,2024-02,-1.2351165995486355,0.4295142077698877,-1.6646308073185232
Орск,Все категории,category_seasonal,2024-03,2.014056153075705,2.3444632733951254,-0.3304071203194203
Орск,Все категории,profile_ses,2024-02,2.1300082100794926,3.4534181206403836,-1.323409910560891
Орск,Все категории,profile_ses,2024-03,2.9214849454539893,2.9846669485646182,-0.06318200311062894
Орск,Здоровье,category_seasonal,2024-02,-2.5803721723749673,-0.7853267027239208,-1.7950454696510465
Орск,Здоровье,category_seasonal,2024-03,0.8353279510434408,-1.989733366676466,2.825061317719907
Орск,Здоровье,profile_ses,2024-02,-1.8497734799948873,3.4906827725907807,-5.340456252585668
Орск,Здоровье,profile_ses,2024-03,0.4143436976035142,-2.631707981605974,3.046051679209488
Орск,Маркетплейсы,category_seasonal,2024-02,3.6798245614035,3.62189505580921,0.05792950559429011
Орск,Маркетплейсы,category_seasonal,2024-03,0.4233954635836756,-0.40874601374433217,0.8321414773280078
Орск,Маркетплейсы,profile_ses,2024-02,3.755176177060937,6.825809603361699,-3.0706334263007617
Орск,Маркетплейсы,profile_ses,2024-03,0.0908408092648915,0.18431318534684607,-0.09347237608195456
Орск,Общественное питание,category_seasonal,2024-02,-0.5177006358480951,4.11066363429723,-4.628364270145324
Орск,Общественное питание,category_seasonal,2024-03,3.823442406589894,3.980245382221337,-0.15680297563144263
Орск,Общественное питание,profile_ses,2024-02,3.7921300803277713,4.945747342172746,-1.1536172618449747
Орск,Общественное питание,profile_ses,2024-03,4.853527878487318,6.792135290809497,-1.9386074123221793
Орск,Продовольствие,category_seasonal,2024-02,-0.7842937398011229,-0.2170702085911469,-0.567223531209976
Орск,Продовольствие,category_seasonal,2024-03,2.4700924072038166,1.909057653317292,0.5610347538865246
Орск,Продовольствие,profile_ses,2024-02,1.0105198660410597,3.2491322304450176,-2.238612364403958
Орск,Продовольствие,profile_ses,2024-03,3.419884660285133,2.088032576443843,1.33185208384129
Орск,Транспорт,category_seasonal,2024-02,0.2183795347179051,0.5822033975972697,-0.3638238628793646
Орск,Транспорт,category_seasonal,2024-03,6.275106535718122,4.120491976321272,2.15461455939685
Орск,Транспорт,profile_ses,2024-02,3.193262483348125,3.5657020026656827,-0.3724395193175578
Орск,Транспорт,profile_ses,2024-03,5.097905778701772,1.0138932409235468,4.084012537778225
Курган,Все категории,category_seasonal,2024-02,0.8220417297154059,0.3542960265234263,0.4677457031919796
Курган,Все категории,category_seasonal,2024-03,4.438004523247141,2.3398230592935665,2.0981814639535745
Курган,Все категории,profile_ses,2024-02,3.454572293282321,3.360850177593655,0.09372211568866584
Курган,Все категории,profile_ses,2024-03,4.836315605905472,2.947520236275225,1.8887953696302473
Курган,Здоровье,category_seasonal,2024-02,-4.197625540388438,0.47356760492455185,-4.671193145312991
Курган,Здоровье,category_seasonal,2024-03,0.4870118913435917,-0.18713382683469557,0.6741457181782873
Курган,Здоровье,profile_ses,2024-02,-2.8733455010340414,2.3757516990394967,-5.249097200073538
Курган,Здоровье,profile_ses,2024-03,0.8862756169155883,-2.5294886626196114,3.4157642795351997
Курган,Маркетплейсы,category_seasonal,2024-02,3.768515600378186,2.4339787536804436,1.3345368466977425
Курган,Маркетплейсы,category_seasonal,2024-03,-0.9238962189364042,-0.24709755514165102,-0.6767986637947532
Курган,Маркетплейсы,profile_ses,2024-02,8.617954249614534,7.494343230264433,1.1236110193501014
Курган,Маркетплейсы,profile_ses,2024-03,0.8069866341097853,0.187868615265141,0.6191180188446443
Курган,Общественное питание,category_seasonal,2024-02,4.278666605191583,3.9204794222651107,0.35818718292647267
Курган,Общественное питание,category_seasonal,2024-03,6.259878819810316,4.438764899286218,1.8211139205240983
Курган,Общественное питание,profile_ses,2024-02,5.195898183193726,5.096520636604596,0.09937754658913
Курган,Общественное питание,profile_ses,2024-03,6.5437600738139645,5.998743722336752,0.5450163514772122
Курган,Продовольствие,category_seasonal,2024-02,1.8917449472653836,0.1676166994310391,1.7241282478343445
Курган,Продовольствие,category_seasonal,2024-03,3.145296557741406,1.9782084172337844,1.1670881405076217
Курган,Продовольствие,profile_ses,2024-02,5.658575620536577,3.023510071254032,2.6350655492825448
Курган,Продовольствие,profile_ses,2024-03,3.773596918815292,2.64048895757113,1.133107961244162
Курган,Транспорт,category_seasonal,2024-02,-0.3036903420365444,1.017820937101943,-1.3215112791384875
Курган,Транспорт,category_seasonal,2024-03,2.9612251659111744,3.9866604038709896,-1.0254352379598153
Курган,Транспорт,profile_ses,2024-02,1.865536989303607,3.114036808937637,-1.24849981963403
Курган,Транспорт,profile_ses,2024-03,0.2163921486761699,1.4031116569274804,-1.1867195082513105
Ишим,Все категории,category_seasonal,2024-02,0.8829704194095456,1.4098348243770875,-0.5268644049675419
Ишим,Все категории,category_seasonal,2024-03,5.398080842444375,1.6504523647544622,3.7476284776899127
Ишим,Все категории,profile_ses,2024-02,3.543051867726632,4.120748393502282,-0.5776965257756501
Ишим,Все категории,profile_ses,2024-03,4.18737864056673,2.5025526725195646,1.6848259680471656
Ишим,Здоровье,category_seasonal,2024-02,-1.132496624753876,-1.2779508747488177,0.14545424999494183
Ишим,Здоровье,category_seasonal,2024-03,-1.178545194172631,-3.354409384106943,2.175864189934312
Ишим,Здоровье,profile_ses,2024-02,2.280060348687974,4.8346345375474,-2.554574188859426
Ишим,Здоровье,profile_ses,2024-03,-3.082493776536277,-3.5763984484780575,0.49390467194178056
Ишим,Маркетплейсы,category_seasonal,2024-02,1.3082003935853903,6.009794250338329,-4.701593856752939
Ишим,Маркетплейсы,category_seasonal,2024-03,1.4670662918328192,-2.8861363967095546,4.353202688542374
Ишим,Маркетплейсы,profile_ses,2024-02,4.298183627457974,8.661182376003108,-4.362998748545134
Ишим,Маркетплейсы,profile_ses,2024-03,2.7283223018843783,0.2665833171353604,2.461738984749018
Ишим,Общественное питание,category_seasonal,2024-02,7.4205301607522145,3.5406996609443797,3.879830499807835
Ишим,Общественное питание,category_seasonal,2024-03,7.694228010463822,3.727465572885569,3.966762437578253
Ишим,Общественное питание,profile_ses,2024-02,7.704917213207563,4.016744412840001,3.6881728003675613
Ишим,Общественное питание,profile_ses,2024-03,8.64997386412103,6.248640278516326,2.4013335856047036
Ишим,Продовольствие,category_seasonal,2024-02,0.3940671972953335,0.33393648443695856,0.06013071285837496
Ишим,Продовольствие,category_seasonal,2024-03,3.732251066846959,1.62706952818773,2.1051815386592287
Ишим,Продовольствие,profile_ses,2024-02,1.7613582352127732,2.9671327073001574,-1.2057744720873842
Ишим,Продовольствие,profile_ses,2024-03,3.940191890911904,2.277110926742787,1.6630809641691169
Ишим,Транспорт,category_seasonal,2024-02,-2.1314419061351897,0.6075988148756095,-2.739040721010799
Ишим,Транспорт,category_seasonal,2024-03,5.3655027675046485,2.7526335381294453,2.612869229375203
Ишим,Транспорт,profile_ses,2024-02,3.7772853343620794,2.8532240779296725,0.9240612564324069
Ишим,Транспорт,profile_ses,2024-03,2.7083998246622665,0.862721164262148,1.8456786604001185
