municipality,territory_id,category,origin,target,model,actual,forecast,residual_percent,aggregate
Курган,1333,Все категории,2024-03,2024-04,profile_ses,31479.0,29878.267115570197,5.3575158098631,True
Курган,1333,Все категории,2024-03,2024-04,category_seasonal,31479.0,30281.12942505649,3.9558318916345314,True
Курган,1333,Все категории,2024-03,2024-05,profile_ses,32545.0,30995.639660176497,4.998639669353677,True
Курган,1333,Все категории,2024-03,2024-05,category_seasonal,32545.0,31197.276048204872,4.320005213636846,True
Курган,1333,Все категории,2024-03,2024-06,profile_ses,33615.0,31254.92809784885,7.551039294547546,True
Курган,1333,Все категории,2024-03,2024-06,category_seasonal,33615.0,31409.75583730856,7.020889223443261,True
Курган,1333,Здоровье,2024-03,2024-04,profile_ses,1581.0,1491.5266439051707,5.998776921649007,False
Курган,1333,Здоровье,2024-03,2024-04,category_seasonal,1581.0,1400.3669724770643,12.898977987421368,False
Курган,1333,Здоровье,2024-03,2024-05,profile_ses,1524.0,1436.520042338169,6.089713688884091,False
Курган,1333,Здоровье,2024-03,2024-05,category_seasonal,1524.0,1358.874617737003,12.15162753852801,False
Курган,1333,Здоровье,2024-03,2024-06,profile_ses,1467.0,1392.6396717019802,5.339523913399802,False
Курган,1333,Здоровье,2024-03,2024-06,category_seasonal,1467.0,1297.9327217125383,13.025889205134478,False
Курган,1333,Маркетплейсы,2024-03,2024-04,profile_ses,3642.0,3645.1219692026334,-0.08564786662862423,False
Курган,1333,Маркетплейсы,2024-03,2024-04,category_seasonal,3642.0,3575.9353078721747,1.8474800699662675,False
Курган,1333,Маркетплейсы,2024-03,2024-05,profile_ses,3810.0,3772.956815284435,0.9818078109322892,False
Курган,1333,Маркетплейсы,2024-03,2024-05,category_seasonal,3810.0,3774.5128604832425,0.9401779998760906,False
Курган,1333,Маркетплейсы,2024-03,2024-06,profile_ses,3889.0,3932.523344484639,-1.1067536203104966,False
Курган,1333,Маркетплейсы,2024-03,2024-06,category_seasonal,3889.0,3820.6936866718625,1.7877987331572198,False
Курган,1333,Общественное питание,2024-03,2024-04,profile_ses,1299.0,1053.1975538964443,23.33868372502166,False
Курган,1333,Общественное питание,2024-03,2024-04,category_seasonal,1299.0,1046.3922204213939,24.14083119586632,False
Курган,1333,Общественное питание,2024-03,2024-05,profile_ses,1374.0,1149.3807899775998,19.542627820217696,False
Курган,1333,Общественное питание,2024-03,2024-05,category_seasonal,1374.0,1104.5251215559158,24.397351693049952,False
Курган,1333,Общественное питание,2024-03,2024-06,profile_ses,1527.0,1276.5845936436508,19.616044843656532,False
Курган,1333,Общественное питание,2024-03,2024-06,category_seasonal,1527.0,1229.095623987034,24.237689094246463,False
Курган,1333,Продовольствие,2024-03,2024-04,profile_ses,13424.0,13153.033141937352,2.0601092929561027,False
Курган,1333,Продовольствие,2024-03,2024-04,category_seasonal,13424.0,13300.302395209581,0.9300360331278679,False
Курган,1333,Продовольствие,2024-03,2024-05,profile_ses,14075.0,13661.75408741557,3.024837879091158,False
Курган,1333,Продовольствие,2024-03,2024-05,category_seasonal,14075.0,13746.017964071856,2.393289727890724,False
Курган,1333,Продовольствие,2024-03,2024-06,profile_ses,14346.0,14051.626623143127,2.0949416373762464,False
Курган,1333,Продовольствие,2024-03,2024-06,category_seasonal,14346.0,14031.9251497006,2.2382876686460884,False
Курган,1333,Транспорт,2024-03,2024-04,profile_ses,1866.0,1684.9565431140556,10.744695916688073,False
Курган,1333,Транспорт,2024-03,2024-04,category_seasonal,1866.0,1660.934475055845,12.346394636504865,False
Курган,1333,Транспорт,2024-03,2024-05,profile_ses,1940.0,1749.967033427451,10.859231227936572,False
Курган,1333,Транспорт,2024-03,2024-05,category_seasonal,1940.0,1716.3440059568131,13.030953775406173,False
Курган,1333,Транспорт,2024-03,2024-06,profile_ses,2111.0,1813.4254929647236,16.409524857223623,False
Курган,1333,Транспорт,2024-03,2024-06,category_seasonal,2111.0,1781.2137006701414,18.514695861916163,False
