seed,month,ari_vs_base,nmi_vs_base
20260921,2023-01,1.0,1.0
20260921,2023-02,1.0,1.0
20260921,2023-03,1.0,1.0
20260921,2023-04,1.0,1.0
20260921,2023-05,1.0,1.0
20260921,2023-06,0.9977708560805582,0.9928824404060054
20260921,2023-07,0.9978226450850374,0.9932036899695058
20260921,2023-08,1.0,1.0
20260921,2023-09,1.0,1.0
20260921,2023-10,0.9978190577337058,0.9931790985372699
20260921,2023-11,1.0,1.0
20260921,2023-12,1.0,1.0
20260921,2024-01,1.0,1.0
20260921,2024-02,1.0,1.0
20260921,2024-03,1.0,1.0
20260921,2024-04,1.0,1.0
20260921,2024-05,0.9977697435346276,0.992876147975189
20260921,2024-06,1.0,1.0
20260921,2024-07,1.0,1.0
20260921,2024-08,1.0,1.0
20260921,2024-09,1.0,1.0
20260921,2024-10,1.0,1.0
20260921,2024-11,1.0,1.0
20260921,2024-12,0.9783939956115307,0.952514813647749
20260922,2023-01,1.0,1.0
20260922,2023-02,1.0,1.0
20260922,2023-03,0.9977390306477413,0.9927092797873683
20260922,2023-04,1.0,1.0
20260922,2023-05,1.0,1.0
20260922,2023-06,0.9977708560805582,0.9928824404060054
20260922,2023-07,1.0,1.0
20260922,2023-08,1.0,1.0
20260922,2023-09,0.9912144389219925,0.9771983215924487
20260922,2023-10,1.0,1.0
20260922,2023-11,1.0,1.0
20260922,2023-12,1.0,1.0
20260922,2024-01,1.0,1.0
20260922,2024-02,1.0,1.0
20260922,2024-03,1.0,1.0
20260922,2024-04,1.0,1.0
20260922,2024-05,0.9977697435346276,0.992876147975189
20260922,2024-06,1.0,1.0
20260922,2024-07,1.0,1.0
20260922,2024-08,1.0,1.0
20260922,2024-09,0.9978137846015691,0.9931437568895009
20260922,2024-10,1.0,1.0
20260922,2024-11,1.0,1.0
20260922,2024-12,0.982691605671946,0.9604331474368167
20260923,2023-01,0.9934086617434431,0.9821315587894606
20260923,2023-02,1.0,1.0
20260923,2023-03,1.0,1.0
20260923,2023-04,1.0,1.0
20260923,2023-05,1.0,1.0
20260923,2023-06,0.9977708560805582,0.9928824404060054
20260923,2023-07,1.0,1.0
20260923,2023-08,1.0,1.0
20260923,2023-09,1.0,1.0
20260923,2023-10,0.9978190577337058,0.9931790985372699
20260923,2023-11,0.9956321870586037,0.9875276662832794
20260923,2023-12,0.995578417950838,0.9872226869977739
20260923,2024-01,0.9978373629214065,0.9933101565578838
20260923,2024-02,1.0,1.0
20260923,2024-03,1.0,1.0
20260923,2024-04,1.0,1.0
20260923,2024-05,0.9977697435346276,0.992876147975189
20260923,2024-06,1.0,1.0
20260923,2024-07,1.0,1.0
20260923,2024-08,1.0,1.0
20260923,2024-09,1.0,1.0
20260923,2024-10,1.0,1.0
20260923,2024-11,1.0,1.0
20260923,2024-12,1.0,1.0
20260924,2023-01,1.0,1.0
20260924,2023-02,1.0,1.0
20260924,2023-03,1.0,1.0
20260924,2023-04,1.0,1.0
20260924,2023-05,1.0,1.0
20260924,2023-06,0.9977708560805582,0.9928824404060054
20260924,2023-07,1.0,1.0
20260924,2023-08,1.0,1.0
20260924,2023-09,1.0,1.0
20260924,2023-10,0.9978190577337058,0.9931790985372697
20260924,2023-11,1.0,1.0
20260924,2023-12,1.0,1.0
20260924,2024-01,0.9978373629214065,0.9933101565578838
20260924,2024-02,1.0,1.0
20260924,2024-03,1.0,1.0
20260924,2024-04,1.0,1.0
20260924,2024-05,0.9977697435346276,0.992876147975189
20260924,2024-06,1.0,1.0
20260924,2024-07,1.0,1.0
20260924,2024-08,1.0,1.0
20260924,2024-09,0.9978137846015691,0.9931437568895009
20260924,2024-10,1.0,1.0
20260924,2024-11,1.0,1.0
20260924,2024-12,1.0,1.0
20260925,2023-01,1.0,1.0
20260925,2023-02,1.0,1.0
20260925,2023-03,1.0,1.0
20260925,2023-04,1.0,1.0
20260925,2023-05,1.0,1.0
20260925,2023-06,0.9977708560805582,0.9928824404060054
20260925,2023-07,1.0,1.0
20260925,2023-08,1.0,1.0
20260925,2023-09,1.0,1.0
20260925,2023-10,0.9978190577337058,0.9931790985372699
20260925,2023-11,1.0,1.0
20260925,2023-12,1.0,1.0
20260925,2024-01,1.0,1.0
20260925,2024-02,1.0,1.0
20260925,2024-03,1.0,1.0
20260925,2024-04,1.0,1.0
20260925,2024-05,0.9977697435346276,0.992876147975189
20260925,2024-06,1.0,1.0
20260925,2024-07,1.0,1.0
20260925,2024-08,1.0,1.0
20260925,2024-09,1.0,1.0
20260925,2024-10,1.0,1.0
20260925,2024-11,1.0,1.0
20260925,2024-12,1.0,1.0
