family,amplitude,method,window_after_onset,transition_events,seed_blocks,null_alerts,null_cells,enter_recall,enter_hits,enter_descriptive_seed_ci95,enter_median_delay_among_hits,return_recall,return_hits,return_descriptive_seed_ci95,return_median_delay_among_hits,both_recall,both_hits,both_descriptive_seed_ci95,null_alert_cell_rate
gaussian,2,D01,1,200,20,82,12000,0.255,51,"[0.185, 0.33]",1.0,0.02,4,"[0.005, 0.04]",1.0,0.02,4,"[0.005, 0.04]",0.006833333333333334
gaussian,2,D01,2,200,20,82,12000,0.335,67,"[0.26, 0.42]",1.0,0.02,4,"[0.005, 0.04]",1.0,0.02,4,"[0.005, 0.04]",0.006833333333333334
gaussian,2,D02,1,200,20,0,12000,0.0,0,"[0.0, 0.0]",,0.0,0,"[0.0, 0.0]",,0.0,0,"[0.0, 0.0]",0.0
gaussian,2,D02,2,200,20,0,12000,0.0,0,"[0.0, 0.0]",,0.0,0,"[0.0, 0.0]",,0.0,0,"[0.0, 0.0]",0.0
gaussian,2,D03,1,200,20,0,12000,0.0,0,"[0.0, 0.0]",,0.0,0,"[0.0, 0.0]",,0.0,0,"[0.0, 0.0]",0.0
gaussian,2,D03,2,200,20,0,12000,0.0,0,"[0.0, 0.0]",,0.0,0,"[0.0, 0.0]",,0.0,0,"[0.0, 0.0]",0.0
gaussian,4,D01,1,200,20,82,12000,0.82,164,"[0.755, 0.875]",1.0,0.035,7,"[0.015, 0.055]",1.0,0.025,5,"[0.01, 0.045]",0.006833333333333334
gaussian,4,D01,2,200,20,82,12000,0.885,177,"[0.825, 0.935]",1.0,0.035,7,"[0.015, 0.055]",1.0,0.025,5,"[0.01, 0.045]",0.006833333333333334
gaussian,4,D02,1,200,20,0,12000,0.01,2,"[0.0, 0.025]",1.0,0.0,0,"[0.0, 0.0]",,0.0,0,"[0.0, 0.0]",0.0
gaussian,4,D02,2,200,20,0,12000,0.09,18,"[0.065, 0.115]",2.0,0.0,0,"[0.0, 0.0]",,0.0,0,"[0.0, 0.0]",0.0
gaussian,4,D03,1,200,20,0,12000,0.01,2,"[0.0, 0.025]",0.0,0.03,6,"[0.005, 0.06]",0.0,0.0,0,"[0.0, 0.0]",0.0
gaussian,4,D03,2,200,20,0,12000,0.01,2,"[0.0, 0.025]",0.0,0.035,7,"[0.01, 0.065]",0.0,0.0,0,"[0.0, 0.0]",0.0
gaussian,6,D01,1,200,20,82,12000,0.99,198,"[0.975, 1.0]",1.0,0.025,5,"[0.01, 0.045]",1.0,0.025,5,"[0.01, 0.045]",0.006833333333333334
gaussian,6,D01,2,200,20,82,12000,0.995,199,"[0.985, 1.0]",1.0,0.025,5,"[0.01, 0.045]",1.0,0.025,5,"[0.01, 0.045]",0.006833333333333334
gaussian,6,D02,1,200,20,0,12000,0.475,95,"[0.41, 0.54]",1.0,0.025,5,"[0.005, 0.045]",1.0,0.025,5,"[0.005, 0.045]",0.0
gaussian,6,D02,2,200,20,0,12000,0.965,193,"[0.94, 0.99]",2.0,0.06,12,"[0.035, 0.085]",2.0,0.06,12,"[0.035, 0.085]",0.0
gaussian,6,D03,1,200,20,0,12000,0.045,9,"[0.02, 0.075]",0.0,0.13,26,"[0.085, 0.18]",0.0,0.005,1,"[0.0, 0.015]",0.0
gaussian,6,D03,2,200,20,0,12000,0.045,9,"[0.02, 0.075]",0.0,0.145,29,"[0.095, 0.195]",0.0,0.005,1,"[0.0, 0.015]",0.0
student5,2,D01,1,200,20,124,12000,0.365,73,"[0.31, 0.415]",1.0,0.025,5,"[0.01, 0.045]",0.0,0.01,2,"[0.0, 0.025]",0.010333333333333333
student5,2,D01,2,200,20,124,12000,0.455,91,"[0.39, 0.52]",1.0,0.03,6,"[0.01, 0.05]",0.0,0.015,3,"[0.0, 0.03]",0.010333333333333333
student5,2,D02,1,200,20,2,12000,0.0,0,"[0.0, 0.0]",,0.0,0,"[0.0, 0.0]",,0.0,0,"[0.0, 0.0]",0.00016666666666666666
student5,2,D02,2,200,20,2,12000,0.0,0,"[0.0, 0.0]",,0.0,0,"[0.0, 0.0]",,0.0,0,"[0.0, 0.0]",0.00016666666666666666
student5,2,D03,1,200,20,2,12000,0.0,0,"[0.0, 0.0]",,0.01,2,"[0.0, 0.025]",0.0,0.0,0,"[0.0, 0.0]",0.00016666666666666666
student5,2,D03,2,200,20,2,12000,0.0,0,"[0.0, 0.0]",,0.01,2,"[0.0, 0.025]",0.0,0.0,0,"[0.0, 0.0]",0.00016666666666666666
student5,4,D01,1,200,20,124,12000,0.92,184,"[0.88, 0.955]",1.0,0.015,3,"[0.0, 0.03]",0.0,0.015,3,"[0.0, 0.03]",0.010333333333333333
student5,4,D01,2,200,20,124,12000,0.95,190,"[0.925, 0.975]",1.0,0.02,4,"[0.005, 0.04]",0.5,0.02,4,"[0.005, 0.04]",0.010333333333333333
student5,4,D02,1,200,20,2,12000,0.02,4,"[0.005, 0.04]",1.0,0.0,0,"[0.0, 0.0]",,0.0,0,"[0.0, 0.0]",0.00016666666666666666
student5,4,D02,2,200,20,2,12000,0.075,15,"[0.045, 0.11]",2.0,0.0,0,"[0.0, 0.0]",,0.0,0,"[0.0, 0.0]",0.00016666666666666666
student5,4,D03,1,200,20,2,12000,0.01,2,"[0.0, 0.025]",0.0,0.075,15,"[0.04, 0.115]",0.0,0.0,0,"[0.0, 0.0]",0.00016666666666666666
student5,4,D03,2,200,20,2,12000,0.01,2,"[0.0, 0.025]",0.0,0.085,17,"[0.05, 0.125]",0.0,0.0,0,"[0.0, 0.0]",0.00016666666666666666
student5,6,D01,1,200,20,124,12000,0.99,198,"[0.975, 1.0]",1.0,0.015,3,"[0.0, 0.03]",0.0,0.015,3,"[0.0, 0.03]",0.010333333333333333
student5,6,D01,2,200,20,124,12000,0.995,199,"[0.985, 1.0]",1.0,0.02,4,"[0.005, 0.04]",0.5,0.02,4,"[0.005, 0.04]",0.010333333333333333
student5,6,D02,1,200,20,2,12000,0.435,87,"[0.36, 0.515]",1.0,0.015,3,"[0.0, 0.03]",1.0,0.015,3,"[0.0, 0.03]",0.00016666666666666666
student5,6,D02,2,200,20,2,12000,0.97,194,"[0.945, 0.99]",2.0,0.025,5,"[0.01, 0.045]",1.0,0.025,5,"[0.01, 0.045]",0.00016666666666666666
student5,6,D03,1,200,20,2,12000,0.06,12,"[0.03, 0.09]",0.0,0.145,29,"[0.095, 0.195]",0.0,0.0,0,"[0.0, 0.0]",0.00016666666666666666
student5,6,D03,2,200,20,2,12000,0.06,12,"[0.03, 0.09]",0.0,0.165,33,"[0.115, 0.21]",0.0,0.0,0,"[0.0, 0.0]",0.00016666666666666666
