month,cluster,identity_id,status,size,radius,var,centre_0,centre_1,centre_2,centre_3,centre_4
2023-01,0,ID0001,initial,523,1.7980232377485639,0.6465775126967658,0.9244180083751325,-0.764255541608982,1.213241942295224,-1.0316614063034977,1.2743808495247535
2023-01,1,ID0002,initial,1373,1.6288671290790873,0.5306416248388696,0.6227306424943948,-0.49941804719849453,-0.3601737330875072,0.35073216671840995,0.09556650120399607
2023-02,0,ID0002,continuing,1423,1.5979398241747553,0.5106823363367295,0.63077188644642,-0.3460331253505039,-0.4214114588917076,0.26945059744256117,-0.15444176054621772
2023-02,1,,ambiguous,473,1.7514443665486727,0.6135114738230163,1.0910916089355607,-0.6399726554999043,1.1934394443957064,-1.1357469066886803,0.9258070680020098
2023-03,0,,ambiguous,465,1.687070132208599,0.569241126198068,0.9639516165785428,-0.5459762495728452,1.2402105199150655,-1.2321068439171992,0.6762348802809947
2023-03,1,ID0002,continuing,1431,1.576210284060987,0.49688777191592354,0.47065988090223904,-0.273496785583044,-0.4092922746521734,0.252748781842804,-0.40345020651633223
2023-04,0,ID0002,continuing,1448,1.6007654440594203,0.5124900013789506,-0.12989730939636931,-0.3612972354119638,-0.5261903772136397,0.6052110867395745,-0.45711376329221326
2023-04,1,ID0001,reemergence,448,1.684509437480235,0.5675144089919956,0.679902903958483,-0.5560224521261469,1.28143322326967,-1.1526528649183416,0.9210759428796695
2023-05,0,ID0001,continuing,450,1.6888448896701764,0.5704394122730141,0.290155945650566,-0.5144612288477748,1.41731045552308,-1.1608723234861758,0.8997764120015999
2023-05,1,ID0002,continuing,1446,1.6372368122767398,0.53610887589482,-0.44190476038294935,-0.32307022096646454,-0.5185527957354867,0.616929736201121,-0.44923821645865486
2023-06,0,ID0002,continuing,1405,1.6250038345610076,0.5281274924675957,-0.6783053908336456,-0.2701065576822734,-0.4345714918377199,0.7434834911317463,-0.3440142957010628
2023-06,1,ID0001,continuing,491,1.745420783669093,0.609298742412806,0.026333561143510653,-0.5526563565123244,1.5082631186046425,-1.10213685350943,0.970565561012251
2023-07,0,ID0002,continuing,1346,1.587922122862782,0.5042993336554089,-0.8313040299944836,-0.10010422096485772,-0.3538751424629514,0.6831640624600444,-0.1632895351064945
2023-07,1,ID0001,continuing,550,1.8001011415227517,0.6480728239423027,-0.3071112257141963,-0.5350312091509927,1.5488639221817502,-1.103817752999504,1.1224664480435373
2023-08,0,ID0002,continuing,1343,1.6435053674576747,0.5402219785724374,-0.5014421209224635,0.04383146565324887,-0.35285064381303477,0.43093092661122523,-0.11763693170289463
2023-08,1,ID0001,continuing,553,1.8042424998760986,0.6510581996718308,0.0006248745961435764,-0.4228025530047238,1.5457833448038847,-1.2976413520643673,1.2537333044688115
2023-09,0,ID0001,continuing,519,1.7776349286164332,0.6319971878874304,0.3659342450168371,-0.09603471121872198,1.465766800374399,-1.3114616191159953,1.2151330192623426
2023-09,1,ID0002,continuing,1377,1.7076568124419438,0.5832183578158759,-0.10967691416364833,0.2546207539283425,-0.4235440873359182,0.4125128804245713,-0.1968502061254489
2023-10,0,ID0002,continuing,1352,1.7404518399528215,0.6058345214390324,-0.05338334647582403,0.6546545932339067,-0.5156378904656643,0.28530582114959446,-0.41633205267752715
2023-10,1,ID0001,continuing,544,1.79733747800427,0.6460844019677499,0.4680475068656747,0.17362813517686776,1.1666165536734447,-1.3415279156968343,1.1267160379567274
2023-11,0,ID0002,continuing,1358,1.7217147084075866,0.5928603074294042,-0.10007480784159506,1.2800705208655865,-0.5824290633416742,0.16693968730765218,-0.6386543798616019
2023-11,1,,ambiguous,538,1.7930422194389863,0.6430000801381371,0.37236143759704204,0.8111183333851839,1.0333950162353562,-1.454791376516407,0.8011362925589924
2023-12,0,,ambiguous,509,1.7320324039853938,0.5999872496910845,-0.07434759996244117,0.6181333096084676,0.8342682475536622,-1.1647061379099697,0.4095662535387945
2023-12,1,ID0002,continuing,1387,1.6477771772851337,0.5430339251963526,-0.5986923413625331,1.0694389648353573,-0.7163268882241035,0.45254716513485144,-0.9890795234933224
2024-01,0,,ambiguous,1324,1.7061136176434795,0.5821647352617042,0.43768393935850497,0.6676880031391991,-0.5671400146216857,0.4797484887226153,-0.5306065127898127
2024-01,1,ID0001,reemergence,572,1.8802031224681548,0.7070327563477998,0.6392634769995282,0.15062884426497058,1.240663781232376,-1.1178619560794116,1.087058622260172
2024-02,0,ID0001,continuing,564,1.8465009012086047,0.6819131156328379,0.7300383404137619,0.3551466917549304,1.1265927741962691,-1.207300361503428,0.6698284427388782
2024-02,1,ID0002,reemergence,1332,1.6395077937353224,0.5375971611437729,0.18208724385354844,1.0086208388016926,-0.6089397978906821,0.31575332687190444,-0.8591107977882545
2024-03,0,ID0002,continuing,1358,1.6194134021172641,0.5244999533914024,-0.10072132066403236,0.9979086131238843,-0.5613750497730641,0.29146537384985105,-0.922709607611681
2024-03,1,ID0001,continuing,538,1.7546248601593808,0.6157416799778653,0.45171245016950057,0.3837778598932298,1.2528910848016972,-1.2836882072449745,0.44789069196654563
2024-04,0,ID0001,continuing,489,1.7009861183655723,0.5786707549744754,0.5124336927667897,0.3674400908300428,1.3612219045579321,-1.367808613370583,0.7578099114179894
2024-04,1,ID0002,continuing,1407,1.568798606961074,0.4922258138406012,-0.2679680576220743,0.9483596916045884,-0.5370477505884172,0.28123062715086733,-0.7772840343554088
2024-05,0,ID0002,continuing,1405,1.5958954936612815,0.509376485337677,-0.620727815906243,0.825290607087194,-0.506265228115522,0.47875115049186334,-0.7139814403343621
2024-05,1,ID0001,continuing,491,1.6770383663957955,0.5624915364726957,0.07361848979989011,0.34743292241503004,1.4989061767243999,-1.2151836256382966,0.7367542960120577
2024-06,0,ID0002,continuing,1395,1.5287362456128277,0.4674069017300808,-1.0197379498841528,0.8723820019455643,-0.38634082388713287,0.42648441670249354,-0.603881749990761
2024-06,1,ID0001,continuing,501,1.7099070930576943,0.5847564533778029,-0.29100873991188403,0.2910204269036955,1.6998541446519884,-1.2843355945043435,0.9008764148471478
2024-07,0,ID0001,continuing,563,1.7575155245830043,0.6177721638300546,-0.3216087770455713,0.30310884257772286,1.6705497733660515,-1.25794314237133,1.0579825723533827
2024-07,1,ID0002,continuing,1333,1.5232204612546743,0.4640401147169805,-0.9277263806050423,1.0193867417548628,-0.3286211183735398,0.4078575008479298,-0.40597633667119676
2024-08,0,ID0001,continuing,554,1.7386855178203318,0.604605465975631,-0.31782461603200285,0.41108476534316574,1.6688260927630911,-1.6073679038133148,0.9934158172717511
2024-08,1,ID0002,continuing,1342,1.5220337844301464,0.46331736818935065,-0.9195575647861773,1.3874082493829716,-0.3120605064869002,-0.09736036234026868,-0.413045896882276
2024-09,0,ID0002,continuing,1359,1.6260963928404193,0.5288378957617247,-0.20628467605480022,1.5018803668548706,-0.38434679615695266,-0.10042786470973952,-0.4097597251510047
2024-09,1,ID0001,continuing,537,1.7309982630414131,0.5992709973304778,0.2788563168703828,0.6219942277166699,1.507928583653781,-1.5786011142492218,1.0391107852922108
2024-10,0,ID0002,continuing,1365,1.6361832434768717,0.5354191212468992,-0.12029571392366725,1.7963962459847034,-0.46037192398519233,-0.2151468737083374,-0.5625249700488786
2024-10,1,ID0001,continuing,531,1.7264108514272967,0.5960988855851846,0.5080621307188038,0.8550808282062037,1.3452513882014774,-1.6350396678734942,0.9418595890849785
2024-11,0,ID0002,continuing,1322,1.6117158392039084,0.5195255892681517,-0.3238941405196215,2.254013048186801,-0.5702192868132738,-0.2814674702811534,-0.7915161513625868
2024-11,1,,ambiguous,574,1.7493349624100913,0.6120345621420632,0.278168811593391,1.1672025877072651,1.0932256364501318,-1.562083646950337,0.660313975853003
2024-12,0,ID0002,continuing,1334,1.4952617371390786,0.44716153251043506,-0.9654049533257143,2.2140992981206176,-0.705701925476767,-0.12133636752781801,-1.1035529085694191
2024-12,1,,ambiguous,562,1.6757743375042007,0.5616439260475286,-0.3899208211595884,1.2405539396712826,0.8472525797672772,-1.4264584378908183,0.19257451321125651
