endpoint,k,seed,arm,n,mse,mae
employment,2,20261006,base2023,1248,0.014219821846495711,0.044039873031732006
employment,2,20261006,base_plus_radar,1248,0.014224857981514374,0.04445560105239773
employment,2,20261006,base_plus_raw_yoy,1248,0.014274468998594508,0.04436917451962547
employment,2,20261006,controls,1248,0.014194580047580212,0.04366727694583528
wage,2,20261006,base2023,1248,0.0029944826257356826,0.036061027307230896
wage,2,20261006,base_plus_radar,1248,0.0029997000562327256,0.0360887680430624
wage,2,20261006,base_plus_raw_yoy,1248,0.0029935027335901295,0.036067621511722214
wage,2,20261006,controls,1248,0.002992878744586358,0.036079863238489454
employment,2,20261007,base2023,1248,0.014217650006847302,0.04402021570134397
employment,2,20261007,base_plus_radar,1248,0.014224192290718397,0.0444492113113237
employment,2,20261007,base_plus_raw_yoy,1248,0.014274775510994634,0.04437166990866092
employment,2,20261007,controls,1248,0.014194580047580212,0.04366727694583528
wage,2,20261007,base2023,1248,0.00299445272331266,0.03606039089775573
wage,2,20261007,base_plus_radar,1248,0.00299938355799714,0.036090428084266324
wage,2,20261007,base_plus_raw_yoy,1248,0.0029935294795067663,0.03607017349865595
wage,2,20261007,controls,1248,0.002992878744586358,0.036079863238489454
employment,2,20261008,base2023,1248,0.01421345567867522,0.044010561952412756
employment,2,20261008,base_plus_radar,1248,0.014224857981514419,0.04445560105239801
employment,2,20261008,base_plus_raw_yoy,1248,0.014274429536207679,0.04437200589121876
employment,2,20261008,controls,1248,0.014194580047580212,0.04366727694583528
wage,2,20261008,base2023,1248,0.0029938198273578506,0.036057248702899426
wage,2,20261008,base_plus_radar,1248,0.0029997000562327477,0.03608876804306221
wage,2,20261008,base_plus_raw_yoy,1248,0.00299348030897773,0.03606746627523746
wage,2,20261008,controls,1248,0.002992878744586358,0.036079863238489454
employment,2,20261009,base2023,1248,0.014217585613460319,0.04401697629746197
employment,2,20261009,base_plus_radar,1248,0.01422485798151459,0.04445560105239753
employment,2,20261009,base_plus_raw_yoy,1248,0.014274429536207797,0.04437200589122005
employment,2,20261009,controls,1248,0.014194580047580212,0.04366727694583528
wage,2,20261009,base2023,1248,0.0029944738765301485,0.03605985534050636
wage,2,20261009,base_plus_radar,1248,0.0029997000562326827,0.036088768043061506
wage,2,20261009,base_plus_raw_yoy,1248,0.0029934803089779753,0.03606746627523891
wage,2,20261009,controls,1248,0.002992878744586358,0.036079863238489454
employment,2,20261010,base2023,1248,0.014219481499301159,0.04402027614675213
employment,2,20261010,base_plus_radar,1248,0.014224893156509016,0.0444600042771773
employment,2,20261010,base_plus_raw_yoy,1248,0.014274468998594423,0.04436917451962452
employment,2,20261010,controls,1248,0.014194580047580212,0.04366727694583528
wage,2,20261010,base2023,1248,0.0029941889640540923,0.03605804150675738
wage,2,20261010,base_plus_radar,1248,0.002999452840423639,0.03609334778462156
wage,2,20261010,base_plus_raw_yoy,1248,0.0029935027335900835,0.03606762151172164
wage,2,20261010,controls,1248,0.002992878744586358,0.036079863238489454
employment,2,20261011,base2023,1248,0.014219821846495747,0.04403987303173193
employment,2,20261011,base_plus_radar,1248,0.014220829713621872,0.0444571018049679
employment,2,20261011,base_plus_raw_yoy,1248,0.014274429536207668,0.04437200589121852
employment,2,20261011,controls,1248,0.014194580047580212,0.04366727694583528
wage,2,20261011,base2023,1248,0.002994482625735689,0.03606102730723075
wage,2,20261011,base_plus_radar,1248,0.0029993166328707984,0.03609038037289122
wage,2,20261011,base_plus_raw_yoy,1248,0.002993480308977928,0.03606746627523874
wage,2,20261011,controls,1248,0.002992878744586358,0.036079863238489454
employment,5,20261006,base2023,1248,0.014249819305525704,0.045525702728082325
employment,5,20261006,base_plus_radar,1248,0.01410686987517641,0.044041504740937966
employment,5,20261006,base_plus_raw_yoy,1248,0.014374345862215004,0.04632203028891119
employment,5,20261006,controls,1248,0.014194580047580212,0.04366727694583528
wage,5,20261006,base2023,1248,0.0030064065274222787,0.03619461555413741
wage,5,20261006,base_plus_radar,1248,0.003007707228693369,0.03626883802564634
wage,5,20261006,base_plus_raw_yoy,1248,0.003050504548277063,0.03658064096091062
wage,5,20261006,controls,1248,0.002992878744586358,0.036079863238489454
employment,5,20261007,base2023,1248,0.014181156789358683,0.04567505572733904
employment,5,20261007,base_plus_radar,1248,0.01409536465780441,0.044097938173918466
employment,5,20261007,base_plus_raw_yoy,1248,0.014397192358267379,0.046081732487224
employment,5,20261007,controls,1248,0.014194580047580212,0.04366727694583528
wage,5,20261007,base2023,1248,0.00301280125042331,0.036232411953357996
wage,5,20261007,base_plus_radar,1248,0.0030164890663607604,0.03632102870472404
wage,5,20261007,base_plus_raw_yoy,1248,0.0030534637474157844,0.03666146559209715
wage,5,20261007,controls,1248,0.002992878744586358,0.036079863238489454
employment,5,20261008,base2023,1248,0.014260315674443894,0.04559376912897548
employment,5,20261008,base_plus_radar,1248,0.014095925609880005,0.04404472624115441
employment,5,20261008,base_plus_raw_yoy,1248,0.014396507354208912,0.046327275448072615
employment,5,20261008,controls,1248,0.014194580047580212,0.04366727694583528
wage,5,20261008,base2023,1248,0.003019245066167638,0.03627325720611869
wage,5,20261008,base_plus_radar,1248,0.0030025969162073523,0.036224413534009854
wage,5,20261008,base_plus_raw_yoy,1248,0.003037293547624238,0.03647852371291968
wage,5,20261008,controls,1248,0.002992878744586358,0.036079863238489454
employment,5,20261009,base2023,1248,0.014161062744817566,0.04560849565349189
employment,5,20261009,base_plus_radar,1248,0.014106089521107926,0.04398016228994163
employment,5,20261009,base_plus_raw_yoy,1248,0.014357186615517525,0.046064369080620456
employment,5,20261009,controls,1248,0.014194580047580212,0.04366727694583528
wage,5,20261009,base2023,1248,0.00301282736599239,0.036227938439775634
wage,5,20261009,base_plus_radar,1248,0.0030077003742495527,0.036275186986032056
wage,5,20261009,base_plus_raw_yoy,1248,0.0030525279530583746,0.03663505996554021
wage,5,20261009,controls,1248,0.002992878744586358,0.036079863238489454
employment,5,20261010,base2023,1248,0.01419527404484734,0.04560511229024234
employment,5,20261010,base_plus_radar,1248,0.01410080488490737,0.04409071460946143
employment,5,20261010,base_plus_raw_yoy,1248,0.0143605035792435,0.046076844715492594
employment,5,20261010,controls,1248,0.014194580047580212,0.04366727694583528
wage,5,20261010,base2023,1248,0.003009090083601947,0.036215405971309775
wage,5,20261010,base_plus_radar,1248,0.0030213556181810106,0.03638055911458071
wage,5,20261010,base_plus_raw_yoy,1248,0.0030544269767735282,0.03663631413977926
wage,5,20261010,controls,1248,0.002992878744586358,0.036079863238489454
employment,5,20261011,base2023,1248,0.014166135719494126,0.04558440146463915
employment,5,20261011,base_plus_radar,1248,0.01410777757312542,0.043997194381524336
employment,5,20261011,base_plus_raw_yoy,1248,0.014407562101172996,0.04616801385362909
employment,5,20261011,controls,1248,0.014194580047580212,0.04366727694583528
wage,5,20261011,base2023,1248,0.0030089638420423685,0.0361991872682654
wage,5,20261011,base_plus_radar,1248,0.003019926646332606,0.0363080198743178
wage,5,20261011,base_plus_raw_yoy,1248,0.0030517053859697974,0.03664065996642211
wage,5,20261011,controls,1248,0.002992878744586358,0.036079863238489454
