family,form,amplitude,bank,mode,hits,events,recall
gaussian,common_down,2,base,independent_calibration,1617,4000,0.40425
gaussian,common_down,2,base,matched_realized_test_null,1662,4000,0.4155
gaussian,common_down,2,extended,independent_calibration,1956,4000,0.489
gaussian,common_down,2,extended,matched_realized_test_null,1969,4000,0.49225
gaussian,common_down,4,base,independent_calibration,3705,4000,0.92625
gaussian,common_down,4,base,matched_realized_test_null,3719,4000,0.92975
gaussian,common_down,4,extended,independent_calibration,3882,4000,0.9705
gaussian,common_down,4,extended,matched_realized_test_null,3885,4000,0.97125
gaussian,common_down,6,base,independent_calibration,4000,4000,1.0
gaussian,common_down,6,base,matched_realized_test_null,4000,4000,1.0
gaussian,common_down,6,extended,independent_calibration,4000,4000,1.0
gaussian,common_down,6,extended,matched_realized_test_null,4000,4000,1.0
gaussian,common_up,2,base,independent_calibration,1561,4000,0.39025
gaussian,common_up,2,base,matched_realized_test_null,1608,4000,0.402
gaussian,common_up,2,extended,independent_calibration,1703,4000,0.42575
gaussian,common_up,2,extended,matched_realized_test_null,1713,4000,0.42825
gaussian,common_up,4,base,independent_calibration,3712,4000,0.928
gaussian,common_up,4,base,matched_realized_test_null,3723,4000,0.93075
gaussian,common_up,4,extended,independent_calibration,3856,4000,0.964
gaussian,common_up,4,extended,matched_realized_test_null,3856,4000,0.964
gaussian,common_up,6,base,independent_calibration,3997,4000,0.99925
gaussian,common_up,6,base,matched_realized_test_null,3998,4000,0.9995
gaussian,common_up,6,extended,independent_calibration,4000,4000,1.0
gaussian,common_up,6,extended,matched_realized_test_null,4000,4000,1.0
gaussian,opposed,2,base,independent_calibration,2127,4000,0.53175
gaussian,opposed,2,base,matched_realized_test_null,2179,4000,0.54475
gaussian,opposed,2,extended,independent_calibration,1702,4000,0.4255
gaussian,opposed,2,extended,matched_realized_test_null,1708,4000,0.427
gaussian,opposed,4,base,independent_calibration,3976,4000,0.994
gaussian,opposed,4,base,matched_realized_test_null,3979,4000,0.99475
gaussian,opposed,4,extended,independent_calibration,3947,4000,0.98675
gaussian,opposed,4,extended,matched_realized_test_null,3947,4000,0.98675
gaussian,opposed,6,base,independent_calibration,4000,4000,1.0
gaussian,opposed,6,base,matched_realized_test_null,4000,4000,1.0
gaussian,opposed,6,extended,independent_calibration,4000,4000,1.0
gaussian,opposed,6,extended,matched_realized_test_null,4000,4000,1.0
gaussian,ramp_down,2,base,independent_calibration,1062,4000,0.2655
gaussian,ramp_down,2,base,matched_realized_test_null,1095,4000,0.27375
gaussian,ramp_down,2,extended,independent_calibration,1258,4000,0.3145
gaussian,ramp_down,2,extended,matched_realized_test_null,1266,4000,0.3165
gaussian,ramp_down,4,base,independent_calibration,2983,4000,0.74575
gaussian,ramp_down,4,base,matched_realized_test_null,3007,4000,0.75175
gaussian,ramp_down,4,extended,independent_calibration,3291,4000,0.82275
gaussian,ramp_down,4,extended,matched_realized_test_null,3301,4000,0.82525
gaussian,ramp_down,6,base,independent_calibration,3935,4000,0.98375
gaussian,ramp_down,6,base,matched_realized_test_null,3938,4000,0.9845
gaussian,ramp_down,6,extended,independent_calibration,3964,4000,0.991
gaussian,ramp_down,6,extended,matched_realized_test_null,3965,4000,0.99125
gaussian,sparse_down,2,base,independent_calibration,2110,4000,0.5275
gaussian,sparse_down,2,base,matched_realized_test_null,2161,4000,0.54025
gaussian,sparse_down,2,extended,independent_calibration,1691,4000,0.42275
gaussian,sparse_down,2,extended,matched_realized_test_null,1704,4000,0.426
gaussian,sparse_down,4,base,independent_calibration,3979,4000,0.99475
gaussian,sparse_down,4,base,matched_realized_test_null,3981,4000,0.99525
gaussian,sparse_down,4,extended,independent_calibration,3949,4000,0.98725
gaussian,sparse_down,4,extended,matched_realized_test_null,3951,4000,0.98775
gaussian,sparse_down,6,base,independent_calibration,4000,4000,1.0
gaussian,sparse_down,6,base,matched_realized_test_null,4000,4000,1.0
gaussian,sparse_down,6,extended,independent_calibration,4000,4000,1.0
gaussian,sparse_down,6,extended,matched_realized_test_null,4000,4000,1.0
student5,common_down,2,base,independent_calibration,687,4000,0.17175
student5,common_down,2,base,matched_realized_test_null,691,4000,0.17275
student5,common_down,2,extended,independent_calibration,1294,4000,0.3235
student5,common_down,2,extended,matched_realized_test_null,1225,4000,0.30625
student5,common_down,4,base,independent_calibration,2792,4000,0.698
student5,common_down,4,base,matched_realized_test_null,2808,4000,0.702
student5,common_down,4,extended,independent_calibration,3794,4000,0.9485
student5,common_down,4,extended,matched_realized_test_null,3770,4000,0.9425
student5,common_down,6,base,independent_calibration,3990,4000,0.9975
student5,common_down,6,base,matched_realized_test_null,3992,4000,0.998
student5,common_down,6,extended,independent_calibration,4000,4000,1.0
student5,common_down,6,extended,matched_realized_test_null,4000,4000,1.0
student5,common_up,2,base,independent_calibration,690,4000,0.1725
student5,common_up,2,base,matched_realized_test_null,693,4000,0.17325
student5,common_up,2,extended,independent_calibration,959,4000,0.23975
student5,common_up,2,extended,matched_realized_test_null,923,4000,0.23075
student5,common_up,4,base,independent_calibration,2770,4000,0.6925
student5,common_up,4,base,matched_realized_test_null,2783,4000,0.69575
student5,common_up,4,extended,independent_calibration,3692,4000,0.923
student5,common_up,4,extended,matched_realized_test_null,3665,4000,0.91625
student5,common_up,6,base,independent_calibration,3985,4000,0.99625
student5,common_up,6,base,matched_realized_test_null,3985,4000,0.99625
student5,common_up,6,extended,independent_calibration,3998,4000,0.9995
student5,common_up,6,extended,matched_realized_test_null,3998,4000,0.9995
student5,opposed,2,base,independent_calibration,780,4000,0.195
student5,opposed,2,base,matched_realized_test_null,798,4000,0.1995
student5,opposed,2,extended,independent_calibration,514,4000,0.1285
student5,opposed,2,extended,matched_realized_test_null,491,4000,0.12275
student5,opposed,4,base,independent_calibration,3654,4000,0.9135
student5,opposed,4,base,matched_realized_test_null,3666,4000,0.9165
student5,opposed,4,extended,independent_calibration,2941,4000,0.73525
student5,opposed,4,extended,matched_realized_test_null,2852,4000,0.713
student5,opposed,6,base,independent_calibration,4000,4000,1.0
student5,opposed,6,base,matched_realized_test_null,4000,4000,1.0
student5,opposed,6,extended,independent_calibration,4000,4000,1.0
student5,opposed,6,extended,matched_realized_test_null,4000,4000,1.0
student5,ramp_down,2,base,independent_calibration,497,4000,0.12425
student5,ramp_down,2,base,matched_realized_test_null,504,4000,0.126
student5,ramp_down,2,extended,independent_calibration,799,4000,0.19975
student5,ramp_down,2,extended,matched_realized_test_null,757,4000,0.18925
student5,ramp_down,4,base,independent_calibration,1769,4000,0.44225
student5,ramp_down,4,base,matched_realized_test_null,1781,4000,0.44525
student5,ramp_down,4,extended,independent_calibration,2974,4000,0.7435
student5,ramp_down,4,extended,matched_realized_test_null,2896,4000,0.724
student5,ramp_down,6,base,independent_calibration,3710,4000,0.9275
student5,ramp_down,6,base,matched_realized_test_null,3719,4000,0.92975
student5,ramp_down,6,extended,independent_calibration,3953,4000,0.98825
student5,ramp_down,6,extended,matched_realized_test_null,3947,4000,0.98675
student5,sparse_down,2,base,independent_calibration,852,4000,0.213
student5,sparse_down,2,base,matched_realized_test_null,864,4000,0.216
student5,sparse_down,2,extended,independent_calibration,610,4000,0.1525
student5,sparse_down,2,extended,matched_realized_test_null,566,4000,0.1415
student5,sparse_down,4,base,independent_calibration,3814,4000,0.9535
student5,sparse_down,4,base,matched_realized_test_null,3829,4000,0.95725
student5,sparse_down,4,extended,independent_calibration,2977,4000,0.74425
student5,sparse_down,4,extended,matched_realized_test_null,2868,4000,0.717
student5,sparse_down,6,base,independent_calibration,4000,4000,1.0
student5,sparse_down,6,base,matched_realized_test_null,4000,4000,1.0
student5,sparse_down,6,extended,independent_calibration,3999,4000,0.99975
student5,sparse_down,6,extended,matched_realized_test_null,3999,4000,0.99975
