partition,label_window,same_year_AVI,cross_year_AVI,same_minus_cross
kmeans_K3,annual2023,0.9309742522795638,0.8903319783749165,0.04064227390464725
kmeans_K5,annual2023,0.8751730678276273,0.783685892804663,0.09148717502296422
kmeans_K8,annual2023,0.85385753679481,0.7510355944882225,0.10282194230658748
ward_K3,annual2023,0.9283563301978784,0.8755500660646733,0.052806264133205105
ward_K5,annual2023,0.8913491371604906,0.773746637599805,0.11760249956068558
ward_K8,annual2023,0.8519016135792439,0.703043120256132,0.14885849332311185
average_K3,annual2023,0.5473515789391065,0.5632654284740145,-0.015913849534908042
average_K5,annual2023,0.6131640796260112,0.504067975348238,0.10909610427777316
average_K8,annual2023,0.6770596457898238,0.49986379426030453,0.17719585152951928
gmm_diag_K3,annual2023,0.9247287946576588,0.8953888920041493,0.029339902653509498
gmm_diag_K5,annual2023,0.8621589905151342,0.7994506443300544,0.06270834618507981
gmm_diag_K8,annual2023,0.7871221837137985,0.7018882278004295,0.08523395591336902
spectral_K3,annual2023,0.9564574864454269,0.9525583998220113,0.0038990866234156485
spectral_K5,annual2023,0.9308650711284254,0.868611932993673,0.06225313813475242
spectral_K8,annual2023,0.9268042100394478,0.7956058256024352,0.1311983844370126
birch_K3,annual2023,0.9055333867308638,0.8528199127084277,0.05271347402243609
birch_K5,annual2023,0.8315678842196457,0.7323145574896976,0.09925332672994802
birch_K8,annual2023,0.7760889135404939,0.6763339183107429,0.09975499522975106
louvain_natural,annual2023,0.8479620445121294,0.643935863945108,0.20402618056702138
kmeans_K3,annual2024,0.9425125680294754,0.8905801370419261,0.051932430987549294
kmeans_K5,annual2024,0.8774740758904537,0.776268342674199,0.1012057332162547
kmeans_K8,annual2024,0.8495862300634066,0.7545544080020986,0.095031822061308
ward_K3,annual2024,0.9367305927046484,0.8577358942334543,0.07899469847119411
ward_K5,annual2024,0.8807113973323866,0.7481713373683342,0.13254005996405238
ward_K8,annual2024,0.8572745539937211,0.7311695532611645,0.1261050007325566
average_K3,annual2024,0.5432053284038245,0.4144407053255201,0.12876462307830444
average_K5,annual2024,0.5041242045131256,0.40057962839690475,0.10354457611622081
average_K8,annual2024,0.5145183090309106,0.48623247214124304,0.028285836889667515
gmm_diag_K3,annual2024,0.9312856131234089,0.891711028697881,0.03957458442552786
gmm_diag_K5,annual2024,0.8615794949605776,0.8024235407898246,0.05915595417075303
gmm_diag_K8,annual2024,0.7952006038597739,0.7098017367898899,0.08539886706988398
spectral_K3,annual2024,0.9693928136235545,0.9429017156299303,0.026491097993624146
spectral_K5,annual2024,0.9460101244114254,0.7174960547411823,0.22851406967024313
spectral_K8,annual2024,0.7887404684031334,0.5848188253847484,0.203921643018385
birch_K3,annual2024,0.9063114350384112,0.8471553994275146,0.05915603561089655
birch_K5,annual2024,0.8220764139590002,0.7507363926892909,0.07134002126970929
birch_K8,annual2024,0.7850640023864878,0.6835184542193153,0.10154554816717243
louvain_natural,annual2024,0.8357340138120917,0.6243892224078489,0.21134479140424278
