family,seed,form,amplitude,target_fa,method,events,hits,null_alarm_cells,null_cells
gaussian,0,opposed,4.0,0.03,stouffer_down,200,25,275,9000
gaussian,0,opposed,4.0,0.03,stouffer_two_sided,200,34,291,9000
gaussian,0,opposed,4.0,0.03,max_absolute,200,199,282,9000
gaussian,0,opposed,4.0,0.03,glr_two_sided,200,21,277,9000
gaussian,0,opposed,4.0,0.03,energy,200,200,277,9000
gaussian,0,opposed,4.0,0.03,mahalanobis,200,200,270,9000
gaussian,1,opposed,4.0,0.03,stouffer_down,200,14,280,9000
gaussian,1,opposed,4.0,0.03,stouffer_two_sided,200,16,312,9000
gaussian,1,opposed,4.0,0.03,max_absolute,200,200,293,9000
gaussian,1,opposed,4.0,0.03,glr_two_sided,200,10,268,9000
gaussian,1,opposed,4.0,0.03,energy,200,200,296,9000
gaussian,1,opposed,4.0,0.03,mahalanobis,200,200,258,9000
gaussian,2,opposed,4.0,0.03,stouffer_down,200,19,277,9000
gaussian,2,opposed,4.0,0.03,stouffer_two_sided,200,18,272,9000
gaussian,2,opposed,4.0,0.03,max_absolute,200,196,282,9000
gaussian,2,opposed,4.0,0.03,glr_two_sided,200,11,283,9000
gaussian,2,opposed,4.0,0.03,energy,200,196,278,9000
gaussian,2,opposed,4.0,0.03,mahalanobis,200,200,288,9000
gaussian,3,opposed,4.0,0.03,stouffer_down,200,20,283,9000
gaussian,3,opposed,4.0,0.03,stouffer_two_sided,200,21,262,9000
gaussian,3,opposed,4.0,0.03,max_absolute,200,198,263,9000
gaussian,3,opposed,4.0,0.03,glr_two_sided,200,19,268,9000
gaussian,3,opposed,4.0,0.03,energy,200,199,279,9000
gaussian,3,opposed,4.0,0.03,mahalanobis,200,200,262,9000
gaussian,4,opposed,4.0,0.03,stouffer_down,200,14,248,9000
gaussian,4,opposed,4.0,0.03,stouffer_two_sided,200,12,252,9000
gaussian,4,opposed,4.0,0.03,max_absolute,200,198,251,9000
gaussian,4,opposed,4.0,0.03,glr_two_sided,200,11,238,9000
gaussian,4,opposed,4.0,0.03,energy,200,198,250,9000
gaussian,4,opposed,4.0,0.03,mahalanobis,200,198,248,9000
gaussian,5,opposed,4.0,0.03,stouffer_down,200,16,283,9000
gaussian,5,opposed,4.0,0.03,stouffer_two_sided,200,17,275,9000
gaussian,5,opposed,4.0,0.03,max_absolute,200,196,258,9000
gaussian,5,opposed,4.0,0.03,glr_two_sided,200,13,277,9000
gaussian,5,opposed,4.0,0.03,energy,200,199,286,9000
gaussian,5,opposed,4.0,0.03,mahalanobis,200,199,273,9000
gaussian,6,opposed,4.0,0.03,stouffer_down,200,17,249,9000
gaussian,6,opposed,4.0,0.03,stouffer_two_sided,200,14,272,9000
gaussian,6,opposed,4.0,0.03,max_absolute,200,196,273,9000
gaussian,6,opposed,4.0,0.03,glr_two_sided,200,8,276,9000
gaussian,6,opposed,4.0,0.03,energy,200,198,274,9000
gaussian,6,opposed,4.0,0.03,mahalanobis,200,200,274,9000
gaussian,7,opposed,4.0,0.03,stouffer_down,200,21,258,9000
gaussian,7,opposed,4.0,0.03,stouffer_two_sided,200,23,259,9000
gaussian,7,opposed,4.0,0.03,max_absolute,200,197,259,9000
gaussian,7,opposed,4.0,0.03,glr_two_sided,200,18,266,9000
gaussian,7,opposed,4.0,0.03,energy,200,198,252,9000
gaussian,7,opposed,4.0,0.03,mahalanobis,200,200,260,9000
gaussian,8,opposed,4.0,0.03,stouffer_down,200,17,285,9000
gaussian,8,opposed,4.0,0.03,stouffer_two_sided,200,16,277,9000
gaussian,8,opposed,4.0,0.03,max_absolute,200,195,277,9000
gaussian,8,opposed,4.0,0.03,glr_two_sided,200,12,294,9000
gaussian,8,opposed,4.0,0.03,energy,200,198,277,9000
gaussian,8,opposed,4.0,0.03,mahalanobis,200,200,267,9000
gaussian,9,opposed,4.0,0.03,stouffer_down,200,11,243,9000
gaussian,9,opposed,4.0,0.03,stouffer_two_sided,200,17,243,9000
gaussian,9,opposed,4.0,0.03,max_absolute,200,198,292,9000
gaussian,9,opposed,4.0,0.03,glr_two_sided,200,13,225,9000
gaussian,9,opposed,4.0,0.03,energy,200,197,272,9000
gaussian,9,opposed,4.0,0.03,mahalanobis,200,200,278,9000
gaussian,10,opposed,4.0,0.03,stouffer_down,200,18,286,9000
gaussian,10,opposed,4.0,0.03,stouffer_two_sided,200,18,277,9000
gaussian,10,opposed,4.0,0.03,max_absolute,200,196,272,9000
gaussian,10,opposed,4.0,0.03,glr_two_sided,200,10,281,9000
gaussian,10,opposed,4.0,0.03,energy,200,197,272,9000
gaussian,10,opposed,4.0,0.03,mahalanobis,200,198,296,9000
gaussian,11,opposed,4.0,0.03,stouffer_down,200,14,269,9000
gaussian,11,opposed,4.0,0.03,stouffer_two_sided,200,18,283,9000
gaussian,11,opposed,4.0,0.03,max_absolute,200,196,267,9000
gaussian,11,opposed,4.0,0.03,glr_two_sided,200,14,282,9000
gaussian,11,opposed,4.0,0.03,energy,200,199,251,9000
gaussian,11,opposed,4.0,0.03,mahalanobis,200,199,259,9000
gaussian,12,opposed,4.0,0.03,stouffer_down,200,11,301,9000
gaussian,12,opposed,4.0,0.03,stouffer_two_sided,200,13,290,9000
gaussian,12,opposed,4.0,0.03,max_absolute,200,198,271,9000
gaussian,12,opposed,4.0,0.03,glr_two_sided,200,17,305,9000
gaussian,12,opposed,4.0,0.03,energy,200,199,293,9000
gaussian,12,opposed,4.0,0.03,mahalanobis,200,200,275,9000
gaussian,13,opposed,4.0,0.03,stouffer_down,200,15,258,9000
gaussian,13,opposed,4.0,0.03,stouffer_two_sided,200,18,264,9000
gaussian,13,opposed,4.0,0.03,max_absolute,200,197,268,9000
gaussian,13,opposed,4.0,0.03,glr_two_sided,200,15,252,9000
gaussian,13,opposed,4.0,0.03,energy,200,198,250,9000
gaussian,13,opposed,4.0,0.03,mahalanobis,200,200,254,9000
gaussian,14,opposed,4.0,0.03,stouffer_down,200,11,228,9000
gaussian,14,opposed,4.0,0.03,stouffer_two_sided,200,5,224,9000
gaussian,14,opposed,4.0,0.03,max_absolute,200,200,250,9000
gaussian,14,opposed,4.0,0.03,glr_two_sided,200,13,248,9000
gaussian,14,opposed,4.0,0.03,energy,200,200,221,9000
gaussian,14,opposed,4.0,0.03,mahalanobis,200,200,272,9000
gaussian,15,opposed,4.0,0.03,stouffer_down,200,21,285,9000
gaussian,15,opposed,4.0,0.03,stouffer_two_sided,200,21,267,9000
gaussian,15,opposed,4.0,0.03,max_absolute,200,194,271,9000
gaussian,15,opposed,4.0,0.03,glr_two_sided,200,14,289,9000
gaussian,15,opposed,4.0,0.03,energy,200,196,282,9000
gaussian,15,opposed,4.0,0.03,mahalanobis,200,199,278,9000
gaussian,16,opposed,4.0,0.03,stouffer_down,200,12,264,9000
gaussian,16,opposed,4.0,0.03,stouffer_two_sided,200,19,274,9000
gaussian,16,opposed,4.0,0.03,max_absolute,200,194,282,9000
gaussian,16,opposed,4.0,0.03,glr_two_sided,200,17,258,9000
gaussian,16,opposed,4.0,0.03,energy,200,196,267,9000
gaussian,16,opposed,4.0,0.03,mahalanobis,200,199,275,9000
gaussian,17,opposed,4.0,0.03,stouffer_down,200,15,266,9000
gaussian,17,opposed,4.0,0.03,stouffer_two_sided,200,16,262,9000
gaussian,17,opposed,4.0,0.03,max_absolute,200,194,270,9000
gaussian,17,opposed,4.0,0.03,glr_two_sided,200,13,271,9000
gaussian,17,opposed,4.0,0.03,energy,200,198,266,9000
gaussian,17,opposed,4.0,0.03,mahalanobis,200,200,270,9000
gaussian,18,opposed,4.0,0.03,stouffer_down,200,12,286,9000
gaussian,18,opposed,4.0,0.03,stouffer_two_sided,200,12,274,9000
gaussian,18,opposed,4.0,0.03,max_absolute,200,195,258,9000
gaussian,18,opposed,4.0,0.03,glr_two_sided,200,14,257,9000
gaussian,18,opposed,4.0,0.03,energy,200,196,275,9000
gaussian,18,opposed,4.0,0.03,mahalanobis,200,200,274,9000
gaussian,19,opposed,4.0,0.03,stouffer_down,200,16,276,9000
gaussian,19,opposed,4.0,0.03,stouffer_two_sided,200,18,270,9000
gaussian,19,opposed,4.0,0.03,max_absolute,200,198,261,9000
gaussian,19,opposed,4.0,0.03,glr_two_sided,200,20,285,9000
gaussian,19,opposed,4.0,0.03,energy,200,197,282,9000
gaussian,19,opposed,4.0,0.03,mahalanobis,200,200,269,9000
student5,0,opposed,4.0,0.03,stouffer_down,200,13,247,9000
student5,0,opposed,4.0,0.03,stouffer_two_sided,200,19,265,9000
student5,0,opposed,4.0,0.03,max_absolute,200,174,261,9000
student5,0,opposed,4.0,0.03,glr_two_sided,200,11,263,9000
student5,0,opposed,4.0,0.03,energy,200,167,246,9000
student5,0,opposed,4.0,0.03,mahalanobis,200,192,249,9000
student5,1,opposed,4.0,0.03,stouffer_down,200,12,281,9000
student5,1,opposed,4.0,0.03,stouffer_two_sided,200,13,289,9000
student5,1,opposed,4.0,0.03,max_absolute,200,165,267,9000
student5,1,opposed,4.0,0.03,glr_two_sided,200,13,290,9000
student5,1,opposed,4.0,0.03,energy,200,161,237,9000
student5,1,opposed,4.0,0.03,mahalanobis,200,191,241,9000
student5,2,opposed,4.0,0.03,stouffer_down,200,23,290,9000
student5,2,opposed,4.0,0.03,stouffer_two_sided,200,23,309,9000
student5,2,opposed,4.0,0.03,max_absolute,200,175,293,9000
student5,2,opposed,4.0,0.03,glr_two_sided,200,14,323,9000
student5,2,opposed,4.0,0.03,energy,200,164,299,9000
student5,2,opposed,4.0,0.03,mahalanobis,200,190,306,9000
student5,3,opposed,4.0,0.03,stouffer_down,200,21,281,9000
student5,3,opposed,4.0,0.03,stouffer_two_sided,200,19,276,9000
student5,3,opposed,4.0,0.03,max_absolute,200,177,283,9000
student5,3,opposed,4.0,0.03,glr_two_sided,200,10,280,9000
student5,3,opposed,4.0,0.03,energy,200,165,298,9000
student5,3,opposed,4.0,0.03,mahalanobis,200,185,287,9000
student5,4,opposed,4.0,0.03,stouffer_down,200,18,238,9000
student5,4,opposed,4.0,0.03,stouffer_two_sided,200,15,245,9000
student5,4,opposed,4.0,0.03,max_absolute,200,174,266,9000
student5,4,opposed,4.0,0.03,glr_two_sided,200,8,234,9000
student5,4,opposed,4.0,0.03,energy,200,158,265,9000
student5,4,opposed,4.0,0.03,mahalanobis,200,187,276,9000
student5,5,opposed,4.0,0.03,stouffer_down,200,26,281,9000
student5,5,opposed,4.0,0.03,stouffer_two_sided,200,20,256,9000
student5,5,opposed,4.0,0.03,max_absolute,200,166,258,9000
student5,5,opposed,4.0,0.03,glr_two_sided,200,16,268,9000
student5,5,opposed,4.0,0.03,energy,200,160,248,9000
student5,5,opposed,4.0,0.03,mahalanobis,200,191,241,9000
student5,6,opposed,4.0,0.03,stouffer_down,200,17,269,9000
student5,6,opposed,4.0,0.03,stouffer_two_sided,200,14,258,9000
student5,6,opposed,4.0,0.03,max_absolute,200,170,251,9000
student5,6,opposed,4.0,0.03,glr_two_sided,200,12,267,9000
student5,6,opposed,4.0,0.03,energy,200,161,248,9000
student5,6,opposed,4.0,0.03,mahalanobis,200,189,255,9000
student5,7,opposed,4.0,0.03,stouffer_down,200,23,255,9000
student5,7,opposed,4.0,0.03,stouffer_two_sided,200,8,258,9000
student5,7,opposed,4.0,0.03,max_absolute,200,166,259,9000
student5,7,opposed,4.0,0.03,glr_two_sided,200,3,258,9000
student5,7,opposed,4.0,0.03,energy,200,159,265,9000
student5,7,opposed,4.0,0.03,mahalanobis,200,185,254,9000
student5,8,opposed,4.0,0.03,stouffer_down,200,23,252,9000
student5,8,opposed,4.0,0.03,stouffer_two_sided,200,19,274,9000
student5,8,opposed,4.0,0.03,max_absolute,200,180,269,9000
student5,8,opposed,4.0,0.03,glr_two_sided,200,8,249,9000
student5,8,opposed,4.0,0.03,energy,200,166,275,9000
student5,8,opposed,4.0,0.03,mahalanobis,200,193,274,9000
student5,9,opposed,4.0,0.03,stouffer_down,200,14,269,9000
student5,9,opposed,4.0,0.03,stouffer_two_sided,200,16,290,9000
student5,9,opposed,4.0,0.03,max_absolute,200,176,276,9000
student5,9,opposed,4.0,0.03,glr_two_sided,200,11,277,9000
student5,9,opposed,4.0,0.03,energy,200,160,290,9000
student5,9,opposed,4.0,0.03,mahalanobis,200,193,277,9000
student5,10,opposed,4.0,0.03,stouffer_down,200,20,272,9000
student5,10,opposed,4.0,0.03,stouffer_two_sided,200,14,262,9000
student5,10,opposed,4.0,0.03,max_absolute,200,177,266,9000
student5,10,opposed,4.0,0.03,glr_two_sided,200,10,295,9000
student5,10,opposed,4.0,0.03,energy,200,163,272,9000
student5,10,opposed,4.0,0.03,mahalanobis,200,192,278,9000
student5,11,opposed,4.0,0.03,stouffer_down,200,14,294,9000
student5,11,opposed,4.0,0.03,stouffer_two_sided,200,23,291,9000
student5,11,opposed,4.0,0.03,max_absolute,200,184,275,9000
student5,11,opposed,4.0,0.03,glr_two_sided,200,15,292,9000
student5,11,opposed,4.0,0.03,energy,200,170,284,9000
student5,11,opposed,4.0,0.03,mahalanobis,200,193,271,9000
student5,12,opposed,4.0,0.03,stouffer_down,200,18,295,9000
student5,12,opposed,4.0,0.03,stouffer_two_sided,200,18,297,9000
student5,12,opposed,4.0,0.03,max_absolute,200,180,297,9000
student5,12,opposed,4.0,0.03,glr_two_sided,200,10,324,9000
student5,12,opposed,4.0,0.03,energy,200,165,282,9000
student5,12,opposed,4.0,0.03,mahalanobis,200,189,275,9000
student5,13,opposed,4.0,0.03,stouffer_down,200,15,247,9000
student5,13,opposed,4.0,0.03,stouffer_two_sided,200,16,239,9000
student5,13,opposed,4.0,0.03,max_absolute,200,171,264,9000
student5,13,opposed,4.0,0.03,glr_two_sided,200,10,231,9000
student5,13,opposed,4.0,0.03,energy,200,160,262,9000
student5,13,opposed,4.0,0.03,mahalanobis,200,189,285,9000
student5,14,opposed,4.0,0.03,stouffer_down,200,15,274,9000
student5,14,opposed,4.0,0.03,stouffer_two_sided,200,16,250,9000
student5,14,opposed,4.0,0.03,max_absolute,200,179,267,9000
student5,14,opposed,4.0,0.03,glr_two_sided,200,8,232,9000
student5,14,opposed,4.0,0.03,energy,200,173,269,9000
student5,14,opposed,4.0,0.03,mahalanobis,200,191,281,9000
student5,15,opposed,4.0,0.03,stouffer_down,200,12,248,9000
student5,15,opposed,4.0,0.03,stouffer_two_sided,200,14,253,9000
student5,15,opposed,4.0,0.03,max_absolute,200,178,267,9000
student5,15,opposed,4.0,0.03,glr_two_sided,200,12,281,9000
student5,15,opposed,4.0,0.03,energy,200,168,258,9000
student5,15,opposed,4.0,0.03,mahalanobis,200,195,243,9000
student5,16,opposed,4.0,0.03,stouffer_down,200,14,290,9000
student5,16,opposed,4.0,0.03,stouffer_two_sided,200,12,286,9000
student5,16,opposed,4.0,0.03,max_absolute,200,185,270,9000
student5,16,opposed,4.0,0.03,glr_two_sided,200,6,277,9000
student5,16,opposed,4.0,0.03,energy,200,166,283,9000
student5,16,opposed,4.0,0.03,mahalanobis,200,196,293,9000
student5,17,opposed,4.0,0.03,stouffer_down,200,14,285,9000
student5,17,opposed,4.0,0.03,stouffer_two_sided,200,16,272,9000
student5,17,opposed,4.0,0.03,max_absolute,200,183,283,9000
student5,17,opposed,4.0,0.03,glr_two_sided,200,12,248,9000
student5,17,opposed,4.0,0.03,energy,200,166,296,9000
student5,17,opposed,4.0,0.03,mahalanobis,200,196,298,9000
student5,18,opposed,4.0,0.03,stouffer_down,200,22,266,9000
student5,18,opposed,4.0,0.03,stouffer_two_sided,200,24,277,9000
student5,18,opposed,4.0,0.03,max_absolute,200,175,266,9000
student5,18,opposed,4.0,0.03,glr_two_sided,200,12,272,9000
student5,18,opposed,4.0,0.03,energy,200,163,280,9000
student5,18,opposed,4.0,0.03,mahalanobis,200,188,267,9000
student5,19,opposed,4.0,0.03,stouffer_down,200,15,266,9000
student5,19,opposed,4.0,0.03,stouffer_two_sided,200,15,253,9000
student5,19,opposed,4.0,0.03,max_absolute,200,172,262,9000
student5,19,opposed,4.0,0.03,glr_two_sided,200,9,239,9000
student5,19,opposed,4.0,0.03,energy,200,166,243,9000
student5,19,opposed,4.0,0.03,mahalanobis,200,190,249,9000
