municipality,territory_id,month,method,target_calibration_fa,score,threshold,alert,rank_descending,economic_truth,false_alarm_rate
Оренбург,1665,2024-03,stouffer_down,0.01,-0.14134368784828027,4.819631943457386,False,1100,,
Новотроицк,1672,2024-03,stouffer_down,0.01,0.5255752046106829,4.819631943457386,False,735,,
Орск,1673,2024-03,stouffer_down,0.01,-0.04596024284504119,4.819631943457386,False,1050,,
Оренбург,1665,2024-04,stouffer_down,0.01,2.842766908499267,4.819631943457386,False,53,,
Новотроицк,1672,2024-04,stouffer_down,0.01,0.958696236499322,4.819631943457386,False,463,,
Орск,1673,2024-04,stouffer_down,0.01,0.20558446144848586,4.819631943457386,False,843,,
Оренбург,1665,2024-05,stouffer_down,0.01,-0.6137235693127078,4.819631943457386,False,1354,,
Новотроицк,1672,2024-05,stouffer_down,0.01,-0.28108699472627235,4.819631943457386,False,1194,,
Орск,1673,2024-05,stouffer_down,0.01,-5.600003435712138,4.819631943457386,False,2012,,
Оренбург,1665,2024-06,stouffer_down,0.01,-0.29054550674780627,4.819631943457386,False,1181,,
Новотроицк,1672,2024-06,stouffer_down,0.01,1.8009425521215559,4.819631943457386,False,247,,
Орск,1673,2024-06,stouffer_down,0.01,3.995621867883905,4.819631943457386,False,21,,
Оренбург,1665,2024-07,stouffer_down,0.01,2.867107627958912,4.819631943457386,False,130,,
Новотроицк,1672,2024-07,stouffer_down,0.01,0.1344657292285004,4.819631943457386,False,897,,
Орск,1673,2024-07,stouffer_down,0.01,2.322625519514405,4.819631943457386,False,214,,
Оренбург,1665,2024-08,stouffer_down,0.01,0.16409508872403855,4.819631943457386,False,939,,
Новотроицк,1672,2024-08,stouffer_down,0.01,0.6529111111110811,4.819631943457386,False,676,,
Орск,1673,2024-08,stouffer_down,0.01,1.7245689234885744,4.819631943457386,False,235,,
Оренбург,1665,2024-09,stouffer_down,0.01,0.907733662985001,4.819631943457386,False,554,,
Новотроицк,1672,2024-09,stouffer_down,0.01,0.7146246154721262,4.819631943457386,False,645,,
Орск,1673,2024-09,stouffer_down,0.01,1.9940935646791245,4.819631943457386,False,209,,
Оренбург,1665,2024-10,stouffer_down,0.01,-0.27568691225483555,4.819631943457386,False,1208,,
Новотроицк,1672,2024-10,stouffer_down,0.01,0.7776502867792584,4.819631943457386,False,524,,
Орск,1673,2024-10,stouffer_down,0.01,-1.8250901881058004,4.819631943457386,False,1859,,
Оренбург,1665,2024-11,stouffer_down,0.01,0.19884581387896744,4.819631943457386,False,963,,
Новотроицк,1672,2024-11,stouffer_down,0.01,-0.28258515861835776,4.819631943457386,False,1219,,
Орск,1673,2024-11,stouffer_down,0.01,1.9387094953443327,4.819631943457386,False,198,,
Оренбург,1665,2024-12,stouffer_down,0.01,1.6324815798186598,4.819631943457386,False,301,,
Новотроицк,1672,2024-12,stouffer_down,0.01,2.1311093565604775,4.819631943457386,False,167,,
Орск,1673,2024-12,stouffer_down,0.01,3.8892615002994217,4.819631943457386,False,26,,
Оренбург,1665,2024-03,stouffer_down,0.03,-0.14134368784828027,3.7913613275129823,False,1100,,
Новотроицк,1672,2024-03,stouffer_down,0.03,0.5255752046106829,3.7913613275129823,False,735,,
Орск,1673,2024-03,stouffer_down,0.03,-0.04596024284504119,3.7913613275129823,False,1050,,
Оренбург,1665,2024-04,stouffer_down,0.03,2.842766908499267,3.7913613275129823,False,53,,
Новотроицк,1672,2024-04,stouffer_down,0.03,0.958696236499322,3.7913613275129823,False,463,,
Орск,1673,2024-04,stouffer_down,0.03,0.20558446144848586,3.7913613275129823,False,843,,
Оренбург,1665,2024-05,stouffer_down,0.03,-0.6137235693127078,3.7913613275129823,False,1354,,
Новотроицк,1672,2024-05,stouffer_down,0.03,-0.28108699472627235,3.7913613275129823,False,1194,,
Орск,1673,2024-05,stouffer_down,0.03,-5.600003435712138,3.7913613275129823,False,2012,,
Оренбург,1665,2024-06,stouffer_down,0.03,-0.29054550674780627,3.7913613275129823,False,1181,,
Новотроицк,1672,2024-06,stouffer_down,0.03,1.8009425521215559,3.7913613275129823,False,247,,
Орск,1673,2024-06,stouffer_down,0.03,3.995621867883905,3.7913613275129823,True,21,,
Оренбург,1665,2024-07,stouffer_down,0.03,2.867107627958912,3.7913613275129823,False,130,,
Новотроицк,1672,2024-07,stouffer_down,0.03,0.1344657292285004,3.7913613275129823,False,897,,
Орск,1673,2024-07,stouffer_down,0.03,2.322625519514405,3.7913613275129823,False,214,,
Оренбург,1665,2024-08,stouffer_down,0.03,0.16409508872403855,3.7913613275129823,False,939,,
Новотроицк,1672,2024-08,stouffer_down,0.03,0.6529111111110811,3.7913613275129823,False,676,,
Орск,1673,2024-08,stouffer_down,0.03,1.7245689234885744,3.7913613275129823,False,235,,
Оренбург,1665,2024-09,stouffer_down,0.03,0.907733662985001,3.7913613275129823,False,554,,
Новотроицк,1672,2024-09,stouffer_down,0.03,0.7146246154721262,3.7913613275129823,False,645,,
Орск,1673,2024-09,stouffer_down,0.03,1.9940935646791245,3.7913613275129823,False,209,,
Оренбург,1665,2024-10,stouffer_down,0.03,-0.27568691225483555,3.7913613275129823,False,1208,,
Новотроицк,1672,2024-10,stouffer_down,0.03,0.7776502867792584,3.7913613275129823,False,524,,
Орск,1673,2024-10,stouffer_down,0.03,-1.8250901881058004,3.7913613275129823,False,1859,,
Оренбург,1665,2024-11,stouffer_down,0.03,0.19884581387896744,3.7913613275129823,False,963,,
Новотроицк,1672,2024-11,stouffer_down,0.03,-0.28258515861835776,3.7913613275129823,False,1219,,
Орск,1673,2024-11,stouffer_down,0.03,1.9387094953443327,3.7913613275129823,False,198,,
Оренбург,1665,2024-12,stouffer_down,0.03,1.6324815798186598,3.7913613275129823,False,301,,
Новотроицк,1672,2024-12,stouffer_down,0.03,2.1311093565604775,3.7913613275129823,False,167,,
Орск,1673,2024-12,stouffer_down,0.03,3.8892615002994217,3.7913613275129823,True,26,,
Оренбург,1665,2024-03,stouffer_two_sided,0.01,0.14134368784828027,5.913769822885138,False,1864,,
Новотроицк,1672,2024-03,stouffer_two_sided,0.01,0.5255752046106829,5.913769822885138,False,1422,,
Орск,1673,2024-03,stouffer_two_sided,0.01,0.04596024284504119,5.913769822885138,False,1974,,
Оренбург,1665,2024-04,stouffer_two_sided,0.01,2.842766908499267,5.913769822885138,False,103,,
Новотроицк,1672,2024-04,stouffer_two_sided,0.01,0.958696236499322,5.913769822885138,False,967,,
Орск,1673,2024-04,stouffer_two_sided,0.01,0.20558446144848586,5.913769822885138,False,1770,,
Оренбург,1665,2024-05,stouffer_two_sided,0.01,0.6137235693127078,5.913769822885138,False,1334,,
Новотроицк,1672,2024-05,stouffer_two_sided,0.01,0.28108699472627235,5.913769822885138,False,1692,,
Орск,1673,2024-05,stouffer_two_sided,0.01,5.600003435712138,5.913769822885138,False,10,,
Оренбург,1665,2024-06,stouffer_two_sided,0.01,0.29054550674780627,5.913769822885138,False,1695,,
Новотроицк,1672,2024-06,stouffer_two_sided,0.01,1.8009425521215559,5.913769822885138,False,476,,
Орск,1673,2024-06,stouffer_two_sided,0.01,3.995621867883905,5.913769822885138,False,43,,
Оренбург,1665,2024-07,stouffer_two_sided,0.01,2.867107627958912,5.913769822885138,False,220,,
Новотроицк,1672,2024-07,stouffer_two_sided,0.01,0.1344657292285004,5.913769822885138,False,1887,,
Орск,1673,2024-07,stouffer_two_sided,0.01,2.322625519514405,5.913769822885138,False,382,,
Оренбург,1665,2024-08,stouffer_two_sided,0.01,0.16409508872403855,5.913769822885138,False,1806,,
Новотроицк,1672,2024-08,stouffer_two_sided,0.01,0.6529111111110811,5.913769822885138,False,1280,,
Орск,1673,2024-08,stouffer_two_sided,0.01,1.7245689234885744,5.913769822885138,False,472,,
Оренбург,1665,2024-09,stouffer_two_sided,0.01,0.907733662985001,5.913769822885138,False,1142,,
Новотроицк,1672,2024-09,stouffer_two_sided,0.01,0.7146246154721262,5.913769822885138,False,1315,,
Орск,1673,2024-09,stouffer_two_sided,0.01,1.9940935646791245,5.913769822885138,False,437,,
Оренбург,1665,2024-10,stouffer_two_sided,0.01,0.27568691225483555,5.913769822885138,False,1635,,
Новотроицк,1672,2024-10,stouffer_two_sided,0.01,0.7776502867792584,5.913769822885138,False,1012,,
Орск,1673,2024-10,stouffer_two_sided,0.01,1.8250901881058004,5.913769822885138,False,348,,
Оренбург,1665,2024-11,stouffer_two_sided,0.01,0.19884581387896744,5.913769822885138,False,1805,,
Новотроицк,1672,2024-11,stouffer_two_sided,0.01,0.28258515861835776,5.913769822885138,False,1704,,
Орск,1673,2024-11,stouffer_two_sided,0.01,1.9387094953443327,5.913769822885138,False,391,,
Оренбург,1665,2024-12,stouffer_two_sided,0.01,1.6324815798186598,5.913769822885138,False,583,,
Новотроицк,1672,2024-12,stouffer_two_sided,0.01,2.1311093565604775,5.913769822885138,False,319,,
Орск,1673,2024-12,stouffer_two_sided,0.01,3.8892615002994217,5.913769822885138,False,45,,
Оренбург,1665,2024-03,stouffer_two_sided,0.03,0.14134368784828027,4.597681080657467,False,1864,,
Новотроицк,1672,2024-03,stouffer_two_sided,0.03,0.5255752046106829,4.597681080657467,False,1422,,
Орск,1673,2024-03,stouffer_two_sided,0.03,0.04596024284504119,4.597681080657467,False,1974,,
Оренбург,1665,2024-04,stouffer_two_sided,0.03,2.842766908499267,4.597681080657467,False,103,,
Новотроицк,1672,2024-04,stouffer_two_sided,0.03,0.958696236499322,4.597681080657467,False,967,,
Орск,1673,2024-04,stouffer_two_sided,0.03,0.20558446144848586,4.597681080657467,False,1770,,
Оренбург,1665,2024-05,stouffer_two_sided,0.03,0.6137235693127078,4.597681080657467,False,1334,,
Новотроицк,1672,2024-05,stouffer_two_sided,0.03,0.28108699472627235,4.597681080657467,False,1692,,
Орск,1673,2024-05,stouffer_two_sided,0.03,5.600003435712138,4.597681080657467,True,10,,
Оренбург,1665,2024-06,stouffer_two_sided,0.03,0.29054550674780627,4.597681080657467,False,1695,,
Новотроицк,1672,2024-06,stouffer_two_sided,0.03,1.8009425521215559,4.597681080657467,False,476,,
Орск,1673,2024-06,stouffer_two_sided,0.03,3.995621867883905,4.597681080657467,False,43,,
Оренбург,1665,2024-07,stouffer_two_sided,0.03,2.867107627958912,4.597681080657467,False,220,,
Новотроицк,1672,2024-07,stouffer_two_sided,0.03,0.1344657292285004,4.597681080657467,False,1887,,
Орск,1673,2024-07,stouffer_two_sided,0.03,2.322625519514405,4.597681080657467,False,382,,
Оренбург,1665,2024-08,stouffer_two_sided,0.03,0.16409508872403855,4.597681080657467,False,1806,,
Новотроицк,1672,2024-08,stouffer_two_sided,0.03,0.6529111111110811,4.597681080657467,False,1280,,
Орск,1673,2024-08,stouffer_two_sided,0.03,1.7245689234885744,4.597681080657467,False,472,,
Оренбург,1665,2024-09,stouffer_two_sided,0.03,0.907733662985001,4.597681080657467,False,1142,,
Новотроицк,1672,2024-09,stouffer_two_sided,0.03,0.7146246154721262,4.597681080657467,False,1315,,
Орск,1673,2024-09,stouffer_two_sided,0.03,1.9940935646791245,4.597681080657467,False,437,,
Оренбург,1665,2024-10,stouffer_two_sided,0.03,0.27568691225483555,4.597681080657467,False,1635,,
Новотроицк,1672,2024-10,stouffer_two_sided,0.03,0.7776502867792584,4.597681080657467,False,1012,,
Орск,1673,2024-10,stouffer_two_sided,0.03,1.8250901881058004,4.597681080657467,False,348,,
Оренбург,1665,2024-11,stouffer_two_sided,0.03,0.19884581387896744,4.597681080657467,False,1805,,
Новотроицк,1672,2024-11,stouffer_two_sided,0.03,0.28258515861835776,4.597681080657467,False,1704,,
Орск,1673,2024-11,stouffer_two_sided,0.03,1.9387094953443327,4.597681080657467,False,391,,
Оренбург,1665,2024-12,stouffer_two_sided,0.03,1.6324815798186598,4.597681080657467,False,583,,
Новотроицк,1672,2024-12,stouffer_two_sided,0.03,2.1311093565604775,4.597681080657467,False,319,,
Орск,1673,2024-12,stouffer_two_sided,0.03,3.8892615002994217,4.597681080657467,False,45,,
Оренбург,1665,2024-03,max_absolute,0.01,0.5729308406755431,8.109487832615931,False,1986,,
Новотроицк,1672,2024-03,max_absolute,0.01,0.7493477876981808,8.109487832615931,False,1913,,
Орск,1673,2024-03,max_absolute,0.01,0.425833150199268,8.109487832615931,False,2010,,
Оренбург,1665,2024-04,max_absolute,0.01,3.744613807311533,8.109487832615931,False,160,,
Новотроицк,1672,2024-04,max_absolute,0.01,1.3678035912310291,8.109487832615931,False,1426,,
Орск,1673,2024-04,max_absolute,0.01,7.52958253415205,8.109487832615931,False,11,,
Оренбург,1665,2024-05,max_absolute,0.01,1.9006097988980906,8.109487832615931,False,874,,
Новотроицк,1672,2024-05,max_absolute,0.01,1.58738516620257,8.109487832615931,False,1140,,
Орск,1673,2024-05,max_absolute,0.01,6.169817585008306,8.109487832615931,False,30,,
Оренбург,1665,2024-06,max_absolute,0.01,1.0331806973621653,8.109487832615931,False,1793,,
Новотроицк,1672,2024-06,max_absolute,0.01,1.6919681544337035,8.109487832615931,False,1204,,
Орск,1673,2024-06,max_absolute,0.01,5.418408817563307,8.109487832615931,False,61,,
Оренбург,1665,2024-07,max_absolute,0.01,2.6518908201674303,8.109487832615931,False,501,,
Новотроицк,1672,2024-07,max_absolute,0.01,0.5499137175890748,8.109487832615931,False,1994,,
Орск,1673,2024-07,max_absolute,0.01,3.588403533639084,8.109487832615931,False,214,,
Оренбург,1665,2024-08,max_absolute,0.01,0.8592057789385102,8.109487832615931,False,1860,,
Новотроицк,1672,2024-08,max_absolute,0.01,1.1522145555181857,8.109487832615931,False,1653,,
Орск,1673,2024-08,max_absolute,0.01,1.3190454426194462,8.109487832615931,False,1475,,
Оренбург,1665,2024-09,max_absolute,0.01,1.851376736703272,8.109487832615931,False,1115,,
Новотроицк,1672,2024-09,max_absolute,0.01,0.8974310726569843,8.109487832615931,False,1895,,
Орск,1673,2024-09,max_absolute,0.01,2.543713613271322,8.109487832615931,False,630,,
Оренбург,1665,2024-10,max_absolute,0.01,0.8273438733591545,8.109487832615931,False,1788,,
Новотроицк,1672,2024-10,max_absolute,0.01,1.0622558837934424,8.109487832615931,False,1548,,
Орск,1673,2024-10,max_absolute,0.01,3.284163235468526,8.109487832615931,False,188,,
Оренбург,1665,2024-11,max_absolute,0.01,0.9242690355099852,8.109487832615931,False,1776,,
Новотроицк,1672,2024-11,max_absolute,0.01,1.2461055956549756,8.109487832615931,False,1471,,
Орск,1673,2024-11,max_absolute,0.01,1.5679470888834315,8.109487832615931,False,1112,,
Оренбург,1665,2024-12,max_absolute,0.01,1.1870446980197114,8.109487832615931,False,1549,,
Новотроицк,1672,2024-12,max_absolute,0.01,2.78445356056507,8.109487832615931,False,375,,
Орск,1673,2024-12,max_absolute,0.01,4.3742183715270295,8.109487832615931,False,111,,
Оренбург,1665,2024-03,max_absolute,0.03,0.5729308406755431,6.442053902537061,False,1986,,
Новотроицк,1672,2024-03,max_absolute,0.03,0.7493477876981808,6.442053902537061,False,1913,,
Орск,1673,2024-03,max_absolute,0.03,0.425833150199268,6.442053902537061,False,2010,,
Оренбург,1665,2024-04,max_absolute,0.03,3.744613807311533,6.442053902537061,False,160,,
Новотроицк,1672,2024-04,max_absolute,0.03,1.3678035912310291,6.442053902537061,False,1426,,
Орск,1673,2024-04,max_absolute,0.03,7.52958253415205,6.442053902537061,True,11,,
Оренбург,1665,2024-05,max_absolute,0.03,1.9006097988980906,6.442053902537061,False,874,,
Новотроицк,1672,2024-05,max_absolute,0.03,1.58738516620257,6.442053902537061,False,1140,,
Орск,1673,2024-05,max_absolute,0.03,6.169817585008306,6.442053902537061,False,30,,
Оренбург,1665,2024-06,max_absolute,0.03,1.0331806973621653,6.442053902537061,False,1793,,
Новотроицк,1672,2024-06,max_absolute,0.03,1.6919681544337035,6.442053902537061,False,1204,,
Орск,1673,2024-06,max_absolute,0.03,5.418408817563307,6.442053902537061,False,61,,
Оренбург,1665,2024-07,max_absolute,0.03,2.6518908201674303,6.442053902537061,False,501,,
Новотроицк,1672,2024-07,max_absolute,0.03,0.5499137175890748,6.442053902537061,False,1994,,
Орск,1673,2024-07,max_absolute,0.03,3.588403533639084,6.442053902537061,False,214,,
Оренбург,1665,2024-08,max_absolute,0.03,0.8592057789385102,6.442053902537061,False,1860,,
Новотроицк,1672,2024-08,max_absolute,0.03,1.1522145555181857,6.442053902537061,False,1653,,
Орск,1673,2024-08,max_absolute,0.03,1.3190454426194462,6.442053902537061,False,1475,,
Оренбург,1665,2024-09,max_absolute,0.03,1.851376736703272,6.442053902537061,False,1115,,
Новотроицк,1672,2024-09,max_absolute,0.03,0.8974310726569843,6.442053902537061,False,1895,,
Орск,1673,2024-09,max_absolute,0.03,2.543713613271322,6.442053902537061,False,630,,
Оренбург,1665,2024-10,max_absolute,0.03,0.8273438733591545,6.442053902537061,False,1788,,
Новотроицк,1672,2024-10,max_absolute,0.03,1.0622558837934424,6.442053902537061,False,1548,,
Орск,1673,2024-10,max_absolute,0.03,3.284163235468526,6.442053902537061,False,188,,
Оренбург,1665,2024-11,max_absolute,0.03,0.9242690355099852,6.442053902537061,False,1776,,
Новотроицк,1672,2024-11,max_absolute,0.03,1.2461055956549756,6.442053902537061,False,1471,,
Орск,1673,2024-11,max_absolute,0.03,1.5679470888834315,6.442053902537061,False,1112,,
Оренбург,1665,2024-12,max_absolute,0.03,1.1870446980197114,6.442053902537061,False,1549,,
Новотроицк,1672,2024-12,max_absolute,0.03,2.78445356056507,6.442053902537061,False,375,,
Орск,1673,2024-12,max_absolute,0.03,4.3742183715270295,6.442053902537061,False,111,,
Оренбург,1665,2024-03,glr_two_sided,0.01,6.572253632061241,35.82844024816233,False,468,,
Новотроицк,1672,2024-03,glr_two_sided,0.01,5.969283490339113,35.82844024816233,False,523,,
Орск,1673,2024-03,glr_two_sided,0.01,8.38826224263423,35.82844024816233,False,329,,
Оренбург,1665,2024-04,glr_two_sided,0.01,9.139328787618167,35.82844024816233,False,243,,
Новотроицк,1672,2024-04,glr_two_sided,0.01,6.494228101671422,35.82844024816233,False,393,,
Орск,1673,2024-04,glr_two_sided,0.01,6.167634218570381,35.82844024816233,False,421,,
Оренбург,1665,2024-05,glr_two_sided,0.01,2.484317103985983,35.82844024816233,False,943,,
Новотроицк,1672,2024-05,glr_two_sided,0.01,0.48255093733990956,35.82844024816233,False,1769,,
Орск,1673,2024-05,glr_two_sided,0.01,31.360038479987754,35.82844024816233,False,19,,
Оренбург,1665,2024-06,glr_two_sided,0.01,1.2525912821232479,35.82844024816233,False,1383,,
Новотроицк,1672,2024-06,glr_two_sided,0.01,3.2433940760421027,35.82844024816233,False,794,,
Орск,1673,2024-06,glr_two_sided,0.01,15.964994111112066,35.82844024816233,False,80,,
Оренбург,1665,2024-07,glr_two_sided,0.01,8.220306150300178,35.82844024816233,False,391,,
Новотроицк,1672,2024-07,glr_two_sided,0.01,1.872902607759189,35.82844024816233,False,1236,,
Орск,1673,2024-07,glr_two_sided,0.01,19.960125024182787,35.82844024816233,False,87,,
Оренбург,1665,2024-08,glr_two_sided,0.01,4.594094954813049,35.82844024816233,False,660,,
Новотроицк,1672,2024-08,glr_two_sided,0.01,2.233132425796797,35.82844024816233,False,1095,,
Орск,1673,2024-08,glr_two_sided,0.01,21.562298070222706,35.82844024816233,False,78,,
Оренбург,1665,2024-09,glr_two_sided,0.01,5.171739934357222,35.82844024816233,False,483,,
Новотроицк,1672,2024-09,glr_two_sided,0.01,0.9350769817407304,35.82844024816233,False,1555,,
Орск,1673,2024-09,glr_two_sided,0.01,12.1657202639212,35.82844024816233,False,121,,
Оренбург,1665,2024-10,glr_two_sided,0.01,0.21128060950984115,35.82844024816233,False,1912,,
Новотроицк,1672,2024-10,glr_two_sided,0.01,1.5339410106419828,35.82844024816233,False,1196,,
Орск,1673,2024-10,glr_two_sided,0.01,3.3309541947200656,35.82844024816233,False,690,,
Оренбург,1665,2024-11,glr_two_sided,0.01,0.23012748464091407,35.82844024816233,False,1908,,
Новотроицк,1672,2024-11,glr_two_sided,0.01,0.4877830919503126,35.82844024816233,False,1737,,
Орск,1673,2024-11,glr_two_sided,0.01,3.758594507338277,35.82844024816233,False,722,,
Оренбург,1665,2024-12,glr_two_sided,0.01,2.6649961084472276,35.82844024816233,False,916,,
Новотроицк,1672,2024-12,glr_two_sided,0.01,4.541627089619612,35.82844024816233,False,536,,
Орск,1673,2024-12,glr_two_sided,0.01,16.98262296303243,35.82844024816233,False,54,,
Оренбург,1665,2024-03,glr_two_sided,0.03,6.572253632061241,23.40413215488187,False,468,,
Новотроицк,1672,2024-03,glr_two_sided,0.03,5.969283490339113,23.40413215488187,False,523,,
Орск,1673,2024-03,glr_two_sided,0.03,8.38826224263423,23.40413215488187,False,329,,
Оренбург,1665,2024-04,glr_two_sided,0.03,9.139328787618167,23.40413215488187,False,243,,
Новотроицк,1672,2024-04,glr_two_sided,0.03,6.494228101671422,23.40413215488187,False,393,,
Орск,1673,2024-04,glr_two_sided,0.03,6.167634218570381,23.40413215488187,False,421,,
Оренбург,1665,2024-05,glr_two_sided,0.03,2.484317103985983,23.40413215488187,False,943,,
Новотроицк,1672,2024-05,glr_two_sided,0.03,0.48255093733990956,23.40413215488187,False,1769,,
Орск,1673,2024-05,glr_two_sided,0.03,31.360038479987754,23.40413215488187,True,19,,
Оренбург,1665,2024-06,glr_two_sided,0.03,1.2525912821232479,23.40413215488187,False,1383,,
Новотроицк,1672,2024-06,glr_two_sided,0.03,3.2433940760421027,23.40413215488187,False,794,,
Орск,1673,2024-06,glr_two_sided,0.03,15.964994111112066,23.40413215488187,False,80,,
Оренбург,1665,2024-07,glr_two_sided,0.03,8.220306150300178,23.40413215488187,False,391,,
Новотроицк,1672,2024-07,glr_two_sided,0.03,1.872902607759189,23.40413215488187,False,1236,,
Орск,1673,2024-07,glr_two_sided,0.03,19.960125024182787,23.40413215488187,False,87,,
Оренбург,1665,2024-08,glr_two_sided,0.03,4.594094954813049,23.40413215488187,False,660,,
Новотроицк,1672,2024-08,glr_two_sided,0.03,2.233132425796797,23.40413215488187,False,1095,,
Орск,1673,2024-08,glr_two_sided,0.03,21.562298070222706,23.40413215488187,False,78,,
Оренбург,1665,2024-09,glr_two_sided,0.03,5.171739934357222,23.40413215488187,False,483,,
Новотроицк,1672,2024-09,glr_two_sided,0.03,0.9350769817407304,23.40413215488187,False,1555,,
Орск,1673,2024-09,glr_two_sided,0.03,12.1657202639212,23.40413215488187,False,121,,
Оренбург,1665,2024-10,glr_two_sided,0.03,0.21128060950984115,23.40413215488187,False,1912,,
Новотроицк,1672,2024-10,glr_two_sided,0.03,1.5339410106419828,23.40413215488187,False,1196,,
Орск,1673,2024-10,glr_two_sided,0.03,3.3309541947200656,23.40413215488187,False,690,,
Оренбург,1665,2024-11,glr_two_sided,0.03,0.23012748464091407,23.40413215488187,False,1908,,
Новотроицк,1672,2024-11,glr_two_sided,0.03,0.4877830919503126,23.40413215488187,False,1737,,
Орск,1673,2024-11,glr_two_sided,0.03,3.758594507338277,23.40413215488187,False,722,,
Оренбург,1665,2024-12,glr_two_sided,0.03,2.6649961084472276,23.40413215488187,False,916,,
Новотроицк,1672,2024-12,glr_two_sided,0.03,4.541627089619612,23.40413215488187,False,536,,
Орск,1673,2024-12,glr_two_sided,0.03,16.98262296303243,23.40413215488187,False,54,,
Оренбург,1665,2024-03,energy,0.01,0.09326914927057986,17.714829365719947,False,2002,,
Новотроицк,1672,2024-03,energy,0.01,0.21286611067116185,17.714829365719947,False,1925,,
Орск,1673,2024-03,energy,0.01,0.05513505813951668,17.714829365719947,False,2012,,
Оренбург,1665,2024-04,energy,0.01,4.903826266501165,17.714829365719947,False,102,,
Новотроицк,1672,2024-04,energy,0.01,1.1321192868896657,17.714829365719947,False,1010,,
Орск,1673,2024-04,energy,0.01,15.712327629071037,17.714829365719947,False,6,,
Оренбург,1665,2024-05,energy,0.01,1.9293246459956754,17.714829365719947,False,552,,
Новотроицк,1672,2024-05,energy,0.01,1.0970237954125603,17.714829365719947,False,975,,
Орск,1673,2024-05,energy,0.01,12.81429664848983,17.714829365719947,False,17,,
Оренбург,1665,2024-06,energy,0.01,0.5951217763507726,17.714829365719947,False,1618,,
Новотроицк,1672,2024-06,energy,0.01,1.1742558233079798,17.714829365719947,False,1087,,
Орск,1673,2024-06,energy,0.01,6.620004716653168,17.714829365719947,False,73,,
Оренбург,1665,2024-07,energy,0.01,3.0208364534095424,17.714829365719947,False,334,,
Новотроицк,1672,2024-07,energy,0.01,0.12414691277435856,17.714829365719947,False,1990,,
Орск,1673,2024-07,energy,0.01,2.9250944689227225,17.714829365719947,False,351,,
Оренбург,1665,2024-08,energy,0.01,0.26867380912014105,17.714829365719947,False,1879,,
Новотроицк,1672,2024-08,energy,0.01,0.36292440997882,17.714829365719947,False,1782,,
Орск,1673,2024-08,energy,0.01,0.7435908293748057,17.714829365719947,False,1376,,
Оренбург,1665,2024-09,energy,0.01,0.909060045549316,17.714829365719947,False,1373,,
Новотроицк,1672,2024-09,energy,0.01,0.26637402601210336,17.714829365719947,False,1935,,
Орск,1673,2024-09,energy,0.01,1.6642776595827957,17.714829365719947,False,870,,
Оренбург,1665,2024-10,energy,0.01,0.20059046259990504,17.714829365719947,False,1874,,
Новотроицк,1672,2024-10,energy,0.01,0.45845377064508985,17.714829365719947,False,1494,,
Орск,1673,2024-10,energy,0.01,2.2781665123146104,17.714829365719947,False,324,,
Оренбург,1665,2024-11,energy,0.01,0.36846582668121275,17.714829365719947,False,1732,,
Новотроицк,1672,2024-11,energy,0.01,0.430009883240466,17.714829365719947,False,1654,,
Орск,1673,2024-11,energy,0.01,1.1059640175767154,17.714829365719947,False,911,,
Оренбург,1665,2024-12,energy,0.01,0.6211285563939684,17.714829365719947,False,1427,,
Новотроицк,1672,2024-12,energy,0.01,2.071934854272787,17.714829365719947,False,478,,
Орск,1673,2024-12,energy,0.01,5.011323937343034,17.714829365719947,False,112,,
Оренбург,1665,2024-03,energy,0.03,0.09326914927057986,10.721850726389476,False,2002,,
Новотроицк,1672,2024-03,energy,0.03,0.21286611067116185,10.721850726389476,False,1925,,
Орск,1673,2024-03,energy,0.03,0.05513505813951668,10.721850726389476,False,2012,,
Оренбург,1665,2024-04,energy,0.03,4.903826266501165,10.721850726389476,False,102,,
Новотроицк,1672,2024-04,energy,0.03,1.1321192868896657,10.721850726389476,False,1010,,
Орск,1673,2024-04,energy,0.03,15.712327629071037,10.721850726389476,True,6,,
Оренбург,1665,2024-05,energy,0.03,1.9293246459956754,10.721850726389476,False,552,,
Новотроицк,1672,2024-05,energy,0.03,1.0970237954125603,10.721850726389476,False,975,,
Орск,1673,2024-05,energy,0.03,12.81429664848983,10.721850726389476,True,17,,
Оренбург,1665,2024-06,energy,0.03,0.5951217763507726,10.721850726389476,False,1618,,
Новотроицк,1672,2024-06,energy,0.03,1.1742558233079798,10.721850726389476,False,1087,,
Орск,1673,2024-06,energy,0.03,6.620004716653168,10.721850726389476,False,73,,
Оренбург,1665,2024-07,energy,0.03,3.0208364534095424,10.721850726389476,False,334,,
Новотроицк,1672,2024-07,energy,0.03,0.12414691277435856,10.721850726389476,False,1990,,
Орск,1673,2024-07,energy,0.03,2.9250944689227225,10.721850726389476,False,351,,
Оренбург,1665,2024-08,energy,0.03,0.26867380912014105,10.721850726389476,False,1879,,
Новотроицк,1672,2024-08,energy,0.03,0.36292440997882,10.721850726389476,False,1782,,
Орск,1673,2024-08,energy,0.03,0.7435908293748057,10.721850726389476,False,1376,,
Оренбург,1665,2024-09,energy,0.03,0.909060045549316,10.721850726389476,False,1373,,
Новотроицк,1672,2024-09,energy,0.03,0.26637402601210336,10.721850726389476,False,1935,,
Орск,1673,2024-09,energy,0.03,1.6642776595827957,10.721850726389476,False,870,,
Оренбург,1665,2024-10,energy,0.03,0.20059046259990504,10.721850726389476,False,1874,,
Новотроицк,1672,2024-10,energy,0.03,0.45845377064508985,10.721850726389476,False,1494,,
Орск,1673,2024-10,energy,0.03,2.2781665123146104,10.721850726389476,False,324,,
Оренбург,1665,2024-11,energy,0.03,0.36846582668121275,10.721850726389476,False,1732,,
Новотроицк,1672,2024-11,energy,0.03,0.430009883240466,10.721850726389476,False,1654,,
Орск,1673,2024-11,energy,0.03,1.1059640175767154,10.721850726389476,False,911,,
Оренбург,1665,2024-12,energy,0.03,0.6211285563939684,10.721850726389476,False,1427,,
Новотроицк,1672,2024-12,energy,0.03,2.071934854272787,10.721850726389476,False,478,,
Орск,1673,2024-12,energy,0.03,5.011323937343034,10.721850726389476,False,112,,
Оренбург,1665,2024-03,mahalanobis,0.01,0.12248006794692763,18.834844187059602,False,1992,,
Новотроицк,1672,2024-03,mahalanobis,0.01,0.25418665690196673,18.834844187059602,False,1902,,
Орск,1673,2024-03,mahalanobis,0.01,0.0826905608895844,18.834844187059602,False,2008,,
Оренбург,1665,2024-04,mahalanobis,0.01,5.315920044664589,18.834844187059602,False,117,,
Новотроицк,1672,2024-04,mahalanobis,0.01,1.2420622846545861,18.834844187059602,False,1010,,
Орск,1673,2024-04,mahalanobis,0.01,18.350420008947303,18.834844187059602,False,7,,
Оренбург,1665,2024-05,mahalanobis,0.01,2.2514979797845664,18.834844187059602,False,500,,
Новотроицк,1672,2024-05,mahalanobis,0.01,1.3236960905077935,18.834844187059602,False,884,,
Орск,1673,2024-05,mahalanobis,0.01,11.913082240069242,18.834844187059602,False,28,,
Оренбург,1665,2024-06,mahalanobis,0.01,0.6923193851260978,18.834844187059602,False,1573,,
Новотроицк,1672,2024-06,mahalanobis,0.01,0.9958448301612179,18.834844187059602,False,1306,,
Орск,1673,2024-06,mahalanobis,0.01,6.140688666080074,18.834844187059602,False,91,,
Оренбург,1665,2024-07,mahalanobis,0.01,2.406961827968823,18.834844187059602,False,466,,
Новотроицк,1672,2024-07,mahalanobis,0.01,0.163077819316282,18.834844187059602,False,1973,,
Орск,1673,2024-07,mahalanobis,0.01,2.8356578527323832,18.834844187059602,False,367,,
Оренбург,1665,2024-08,mahalanobis,0.01,0.34797108335290844,18.834844187059602,False,1830,,
Новотроицк,1672,2024-08,mahalanobis,0.01,0.35372029284914996,18.834844187059602,False,1824,,
Орск,1673,2024-08,mahalanobis,0.01,0.5028632488800279,18.834844187059602,False,1674,,
Оренбург,1665,2024-09,mahalanobis,0.01,1.1680596119585036,18.834844187059602,False,1241,,
Новотроицк,1672,2024-09,mahalanobis,0.01,0.2710526073705143,18.834844187059602,False,1944,,
Орск,1673,2024-09,mahalanobis,0.01,1.4249659559513081,18.834844187059602,False,1068,,
Оренбург,1665,2024-10,mahalanobis,0.01,0.2203263212586378,18.834844187059602,False,1867,,
Новотроицк,1672,2024-10,mahalanobis,0.01,0.49864693428924883,18.834844187059602,False,1474,,
Орск,1673,2024-10,mahalanobis,0.01,2.3999120653517387,18.834844187059602,False,338,,
Оренбург,1665,2024-11,mahalanobis,0.01,0.48102311014537547,18.834844187059602,False,1642,,
Новотроицк,1672,2024-11,mahalanobis,0.01,0.5005650845334307,18.834844187059602,False,1613,,
Орск,1673,2024-11,mahalanobis,0.01,0.9708428428061658,18.834844187059602,False,1083,,
Оренбург,1665,2024-12,mahalanobis,0.01,0.43373409147475483,18.834844187059602,False,1702,,
Новотроицк,1672,2024-12,mahalanobis,0.01,1.9669467786040655,18.834844187059602,False,546,,
Орск,1673,2024-12,mahalanobis,0.01,4.253171932683058,18.834844187059602,False,176,,
Оренбург,1665,2024-03,mahalanobis,0.03,0.12248006794692763,11.41824865091722,False,1992,,
Новотроицк,1672,2024-03,mahalanobis,0.03,0.25418665690196673,11.41824865091722,False,1902,,
Орск,1673,2024-03,mahalanobis,0.03,0.0826905608895844,11.41824865091722,False,2008,,
Оренбург,1665,2024-04,mahalanobis,0.03,5.315920044664589,11.41824865091722,False,117,,
Новотроицк,1672,2024-04,mahalanobis,0.03,1.2420622846545861,11.41824865091722,False,1010,,
Орск,1673,2024-04,mahalanobis,0.03,18.350420008947303,11.41824865091722,True,7,,
Оренбург,1665,2024-05,mahalanobis,0.03,2.2514979797845664,11.41824865091722,False,500,,
Новотроицк,1672,2024-05,mahalanobis,0.03,1.3236960905077935,11.41824865091722,False,884,,
Орск,1673,2024-05,mahalanobis,0.03,11.913082240069242,11.41824865091722,True,28,,
Оренбург,1665,2024-06,mahalanobis,0.03,0.6923193851260978,11.41824865091722,False,1573,,
Новотроицк,1672,2024-06,mahalanobis,0.03,0.9958448301612179,11.41824865091722,False,1306,,
Орск,1673,2024-06,mahalanobis,0.03,6.140688666080074,11.41824865091722,False,91,,
Оренбург,1665,2024-07,mahalanobis,0.03,2.406961827968823,11.41824865091722,False,466,,
Новотроицк,1672,2024-07,mahalanobis,0.03,0.163077819316282,11.41824865091722,False,1973,,
Орск,1673,2024-07,mahalanobis,0.03,2.8356578527323832,11.41824865091722,False,367,,
Оренбург,1665,2024-08,mahalanobis,0.03,0.34797108335290844,11.41824865091722,False,1830,,
Новотроицк,1672,2024-08,mahalanobis,0.03,0.35372029284914996,11.41824865091722,False,1824,,
Орск,1673,2024-08,mahalanobis,0.03,0.5028632488800279,11.41824865091722,False,1674,,
Оренбург,1665,2024-09,mahalanobis,0.03,1.1680596119585036,11.41824865091722,False,1241,,
Новотроицк,1672,2024-09,mahalanobis,0.03,0.2710526073705143,11.41824865091722,False,1944,,
Орск,1673,2024-09,mahalanobis,0.03,1.4249659559513081,11.41824865091722,False,1068,,
Оренбург,1665,2024-10,mahalanobis,0.03,0.2203263212586378,11.41824865091722,False,1867,,
Новотроицк,1672,2024-10,mahalanobis,0.03,0.49864693428924883,11.41824865091722,False,1474,,
Орск,1673,2024-10,mahalanobis,0.03,2.3999120653517387,11.41824865091722,False,338,,
Оренбург,1665,2024-11,mahalanobis,0.03,0.48102311014537547,11.41824865091722,False,1642,,
Новотроицк,1672,2024-11,mahalanobis,0.03,0.5005650845334307,11.41824865091722,False,1613,,
Орск,1673,2024-11,mahalanobis,0.03,0.9708428428061658,11.41824865091722,False,1083,,
Оренбург,1665,2024-12,mahalanobis,0.03,0.43373409147475483,11.41824865091722,False,1702,,
Новотроицк,1672,2024-12,mahalanobis,0.03,1.9669467786040655,11.41824865091722,False,546,,
Орск,1673,2024-12,mahalanobis,0.03,4.253171932683058,11.41824865091722,False,176,,
