family,form,amplitude,target_fa,method,events,hits,null_alarm_cells,null_cells,mean_delay_with_misses,recall,observed_null_fa
gaussian,common_down,2.0,0.01,energy,4000,1218,2073,180000,2.351,0.3045,0.011516666666666666
gaussian,common_down,2.0,0.01,glr_two_sided,4000,1422,2147,180000,2.36375,0.3555,0.011927777777777778
gaussian,common_down,2.0,0.01,mahalanobis,4000,624,1814,180000,2.6795,0.156,0.010077777777777778
gaussian,common_down,2.0,0.01,max_absolute,4000,760,1980,180000,2.6175,0.19,0.011
gaussian,common_down,2.0,0.01,stouffer_down,4000,1839,1914,180000,1.985,0.45975,0.010633333333333333
gaussian,common_down,2.0,0.01,stouffer_two_sided,4000,1434,2270,180000,2.2239999999999998,0.3585,0.012611111111111111
gaussian,common_down,2.0,0.03,energy,4000,1879,5835,180000,1.9612500000000002,0.46975,0.03241666666666667
gaussian,common_down,2.0,0.03,glr_two_sided,4000,2043,6041,180000,2.0025,0.51075,0.03356111111111111
gaussian,common_down,2.0,0.03,mahalanobis,4000,1200,5428,180000,2.364,0.3,0.030155555555555557
gaussian,common_down,2.0,0.03,max_absolute,4000,1435,5705,180000,2.239,0.35875,0.03169444444444444
gaussian,common_down,2.0,0.03,stouffer_down,4000,2691,5691,180000,1.43525,0.67275,0.03161666666666667
gaussian,common_down,2.0,0.03,stouffer_two_sided,4000,2162,6036,180000,1.784,0.5405,0.03353333333333333
gaussian,common_down,4.0,0.01,energy,4000,3583,2073,180000,0.7025,0.89575,0.011516666666666666
gaussian,common_down,4.0,0.01,glr_two_sided,4000,3806,2147,180000,0.8002499999999999,0.9515,0.011927777777777778
gaussian,common_down,4.0,0.01,mahalanobis,4000,2818,1814,180000,1.35425,0.7045,0.010077777777777778
gaussian,common_down,4.0,0.01,max_absolute,4000,2819,1980,180000,1.3599999999999999,0.70475,0.011
gaussian,common_down,4.0,0.01,stouffer_down,4000,3836,1914,180000,0.398,0.959,0.010633333333333333
gaussian,common_down,4.0,0.01,stouffer_two_sided,4000,3719,2270,180000,0.5387500000000001,0.92975,0.012611111111111111
gaussian,common_down,4.0,0.03,energy,4000,3833,5835,180000,0.42400000000000004,0.95825,0.03241666666666667
gaussian,common_down,4.0,0.03,glr_two_sided,4000,3917,6041,180000,0.505,0.97925,0.03356111111111111
gaussian,common_down,4.0,0.03,mahalanobis,4000,3443,5428,180000,0.8622500000000001,0.86075,0.030155555555555557
gaussian,common_down,4.0,0.03,max_absolute,4000,3498,5705,180000,0.8244999999999999,0.8745,0.03169444444444444
gaussian,common_down,4.0,0.03,stouffer_down,4000,3956,5691,180000,0.19075,0.989,0.03161666666666667
gaussian,common_down,4.0,0.03,stouffer_two_sided,4000,3899,6036,180000,0.2945,0.97475,0.03353333333333333
gaussian,common_down,6.0,0.01,energy,4000,3998,2073,180000,0.05500000000000001,0.9995,0.011516666666666666
gaussian,common_down,6.0,0.01,glr_two_sided,4000,4000,2147,180000,0.10725,1.0,0.011927777777777778
gaussian,common_down,6.0,0.01,mahalanobis,4000,3963,1814,180000,0.19475,0.99075,0.010077777777777778
gaussian,common_down,6.0,0.01,max_absolute,4000,3935,1980,180000,0.2685,0.98375,0.011
gaussian,common_down,6.0,0.01,stouffer_down,4000,4000,1914,180000,0.0215,1.0,0.010633333333333333
gaussian,common_down,6.0,0.01,stouffer_two_sided,4000,3999,2270,180000,0.0345,0.99975,0.012611111111111111
gaussian,common_down,6.0,0.03,energy,4000,4000,5835,180000,0.0235,1.0,0.03241666666666667
gaussian,common_down,6.0,0.03,glr_two_sided,4000,4000,6041,180000,0.04875,1.0,0.03356111111111111
gaussian,common_down,6.0,0.03,mahalanobis,4000,3991,5428,180000,0.088,0.99775,0.030155555555555557
gaussian,common_down,6.0,0.03,max_absolute,4000,3987,5705,180000,0.119,0.99675,0.03169444444444444
gaussian,common_down,6.0,0.03,stouffer_down,4000,4000,5691,180000,0.005,1.0,0.03161666666666667
gaussian,common_down,6.0,0.03,stouffer_two_sided,4000,4000,6036,180000,0.013000000000000001,1.0,0.03353333333333333
gaussian,common_up,2.0,0.01,energy,4000,1213,2073,180000,2.35675,0.30325,0.011516666666666666
gaussian,common_up,2.0,0.01,glr_two_sided,4000,1425,2147,180000,2.3655,0.35625,0.011927777777777778
gaussian,common_up,2.0,0.01,mahalanobis,4000,633,1814,180000,2.675,0.15825,0.010077777777777778
gaussian,common_up,2.0,0.01,max_absolute,4000,766,1980,180000,2.6100000000000003,0.1915,0.011
gaussian,common_up,2.0,0.01,stouffer_down,4000,1,1914,180000,2.9995000000000003,0.00025,0.010633333333333333
gaussian,common_up,2.0,0.01,stouffer_two_sided,4000,1465,2270,180000,2.20075,0.36625,0.012611111111111111
gaussian,common_up,2.0,0.03,energy,4000,1902,5835,180000,1.9509999999999998,0.4755,0.03241666666666667
gaussian,common_up,2.0,0.03,glr_two_sided,4000,2039,6041,180000,2.004,0.50975,0.03356111111111111
gaussian,common_up,2.0,0.03,mahalanobis,4000,1239,5428,180000,2.353,0.30975,0.030155555555555557
gaussian,common_up,2.0,0.03,max_absolute,4000,1430,5705,180000,2.2405,0.3575,0.03169444444444444
gaussian,common_up,2.0,0.03,stouffer_down,4000,5,5691,180000,2.997,0.00125,0.03161666666666667
gaussian,common_up,2.0,0.03,stouffer_two_sided,4000,2168,6036,180000,1.782,0.542,0.03353333333333333
gaussian,common_up,4.0,0.01,energy,4000,3571,2073,180000,0.7005,0.89275,0.011516666666666666
gaussian,common_up,4.0,0.01,glr_two_sided,4000,3798,2147,180000,0.79525,0.9495,0.011927777777777778
gaussian,common_up,4.0,0.01,mahalanobis,4000,2827,1814,180000,1.334,0.70675,0.010077777777777778
gaussian,common_up,4.0,0.01,max_absolute,4000,2785,1980,180000,1.3745,0.69625,0.011
gaussian,common_up,4.0,0.01,stouffer_down,4000,0,1914,180000,3.0,0.0,0.010633333333333333
gaussian,common_up,4.0,0.01,stouffer_two_sided,4000,3724,2270,180000,0.5337500000000001,0.931,0.012611111111111111
gaussian,common_up,4.0,0.03,energy,4000,3819,5835,180000,0.4095,0.95475,0.03241666666666667
gaussian,common_up,4.0,0.03,glr_two_sided,4000,3910,6041,180000,0.496,0.9775,0.03356111111111111
gaussian,common_up,4.0,0.03,mahalanobis,4000,3387,5428,180000,0.8699999999999999,0.84675,0.030155555555555557
gaussian,common_up,4.0,0.03,max_absolute,4000,3456,5705,180000,0.8365,0.864,0.03169444444444444
gaussian,common_up,4.0,0.03,stouffer_down,4000,0,5691,180000,3.0,0.0,0.03161666666666667
gaussian,common_up,4.0,0.03,stouffer_two_sided,4000,3900,6036,180000,0.30125,0.975,0.03353333333333333
gaussian,common_up,6.0,0.01,energy,4000,3996,2073,180000,0.04875,0.999,0.011516666666666666
gaussian,common_up,6.0,0.01,glr_two_sided,4000,3999,2147,180000,0.10800000000000001,0.99975,0.011927777777777778
gaussian,common_up,6.0,0.01,mahalanobis,4000,3957,1814,180000,0.17925,0.98925,0.010077777777777778
gaussian,common_up,6.0,0.01,max_absolute,4000,3938,1980,180000,0.2505,0.9845,0.011
gaussian,common_up,6.0,0.01,stouffer_down,4000,0,1914,180000,3.0,0.0,0.010633333333333333
gaussian,common_up,6.0,0.01,stouffer_two_sided,4000,3998,2270,180000,0.027750000000000004,0.9995,0.012611111111111111
gaussian,common_up,6.0,0.03,energy,4000,4000,5835,180000,0.01975,1.0,0.03241666666666667
gaussian,common_up,6.0,0.03,glr_two_sided,4000,4000,6041,180000,0.042249999999999996,1.0,0.03356111111111111
gaussian,common_up,6.0,0.03,mahalanobis,4000,3991,5428,180000,0.08149999999999999,0.99775,0.030155555555555557
gaussian,common_up,6.0,0.03,max_absolute,4000,3994,5705,180000,0.09675,0.9985,0.03169444444444444
gaussian,common_up,6.0,0.03,stouffer_down,4000,0,5691,180000,3.0,0.0,0.03161666666666667
gaussian,common_up,6.0,0.03,stouffer_two_sided,4000,4000,6036,180000,0.0115,1.0,0.03353333333333333
gaussian,opposed,2.0,0.01,energy,4000,837,2073,180000,2.57375,0.20925,0.011516666666666666
gaussian,opposed,2.0,0.01,glr_two_sided,4000,126,2147,180000,2.935,0.0315,0.011927777777777778
gaussian,opposed,2.0,0.01,mahalanobis,4000,1644,1814,180000,2.1094999999999997,0.411,0.010077777777777778
gaussian,opposed,2.0,0.01,max_absolute,4000,1063,1980,180000,2.44625,0.26575,0.011
gaussian,opposed,2.0,0.01,stouffer_down,4000,127,1914,180000,2.936,0.03175,0.010633333333333333
gaussian,opposed,2.0,0.01,stouffer_two_sided,4000,156,2270,180000,2.9234999999999998,0.039,0.012611111111111111
gaussian,opposed,2.0,0.03,energy,4000,1716,5835,180000,2.07375,0.429,0.03241666666666667
gaussian,opposed,2.0,0.03,glr_two_sided,4000,303,6041,180000,2.832,0.07575,0.03356111111111111
gaussian,opposed,2.0,0.03,mahalanobis,4000,2395,5428,180000,1.64175,0.59875,0.030155555555555557
gaussian,opposed,2.0,0.03,max_absolute,4000,1790,5705,180000,2.019,0.4475,0.03169444444444444
gaussian,opposed,2.0,0.03,stouffer_down,4000,338,5691,180000,2.82775,0.0845,0.03161666666666667
gaussian,opposed,2.0,0.03,stouffer_two_sided,4000,380,6036,180000,2.807,0.095,0.03353333333333333
gaussian,opposed,4.0,0.01,energy,4000,3778,2073,180000,0.48224999999999996,0.9445,0.011516666666666666
gaussian,opposed,4.0,0.01,glr_two_sided,4000,126,2147,180000,2.935,0.0315,0.011927777777777778
gaussian,opposed,4.0,0.01,mahalanobis,4000,3963,1814,180000,0.17425,0.99075,0.010077777777777778
gaussian,opposed,4.0,0.01,max_absolute,4000,3770,1980,180000,0.516,0.9425,0.011
gaussian,opposed,4.0,0.01,stouffer_down,4000,127,1914,180000,2.936,0.03175,0.010633333333333333
gaussian,opposed,4.0,0.01,stouffer_two_sided,4000,156,2270,180000,2.9234999999999998,0.039,0.012611111111111111
gaussian,opposed,4.0,0.03,energy,4000,3961,5835,180000,0.20024999999999998,0.99025,0.03241666666666667
gaussian,opposed,4.0,0.03,glr_two_sided,4000,303,6041,180000,2.832,0.07575,0.03356111111111111
gaussian,opposed,4.0,0.03,mahalanobis,4000,3992,5428,180000,0.0765,0.998,0.030155555555555557
gaussian,opposed,4.0,0.03,max_absolute,4000,3945,5705,180000,0.23275,0.98625,0.03169444444444444
gaussian,opposed,4.0,0.03,stouffer_down,4000,338,5691,180000,2.82775,0.0845,0.03161666666666667
gaussian,opposed,4.0,0.03,stouffer_two_sided,4000,380,6036,180000,2.807,0.095,0.03353333333333333
gaussian,opposed,6.0,0.01,energy,4000,4000,2073,180000,0.00425,1.0,0.011516666666666666
gaussian,opposed,6.0,0.01,glr_two_sided,4000,126,2147,180000,2.935,0.0315,0.011927777777777778
gaussian,opposed,6.0,0.01,mahalanobis,4000,4000,1814,180000,0.001,1.0,0.010077777777777778
gaussian,opposed,6.0,0.01,max_absolute,4000,4000,1980,180000,0.006500000000000001,1.0,0.011
gaussian,opposed,6.0,0.01,stouffer_down,4000,127,1914,180000,2.936,0.03175,0.010633333333333333
gaussian,opposed,6.0,0.01,stouffer_two_sided,4000,156,2270,180000,2.9234999999999998,0.039,0.012611111111111111
gaussian,opposed,6.0,0.03,energy,4000,4000,5835,180000,0.0015,1.0,0.03241666666666667
gaussian,opposed,6.0,0.03,glr_two_sided,4000,303,6041,180000,2.832,0.07575,0.03356111111111111
gaussian,opposed,6.0,0.03,mahalanobis,4000,4000,5428,180000,0.0,1.0,0.030155555555555557
gaussian,opposed,6.0,0.03,max_absolute,4000,4000,5705,180000,0.00125,1.0,0.03169444444444444
gaussian,opposed,6.0,0.03,stouffer_down,4000,338,5691,180000,2.82775,0.0845,0.03161666666666667
gaussian,opposed,6.0,0.03,stouffer_two_sided,4000,380,6036,180000,2.807,0.095,0.03353333333333333
gaussian,ramp_down,2.0,0.01,energy,4000,718,2073,180000,2.7315,0.1795,0.011516666666666666
gaussian,ramp_down,2.0,0.01,glr_two_sided,4000,678,2147,180000,2.7605,0.1695,0.011927777777777778
gaussian,ramp_down,2.0,0.01,mahalanobis,4000,376,1814,180000,2.855,0.094,0.010077777777777778
gaussian,ramp_down,2.0,0.01,max_absolute,4000,469,1980,180000,2.82,0.11725,0.011
gaussian,ramp_down,2.0,0.01,stouffer_down,4000,1138,1914,180000,2.5645,0.2845,0.010633333333333333
gaussian,ramp_down,2.0,0.01,stouffer_two_sided,4000,850,2270,180000,2.68425,0.2125,0.012611111111111111
gaussian,ramp_down,2.0,0.03,energy,4000,1258,5835,180000,2.49175,0.3145,0.03241666666666667
gaussian,ramp_down,2.0,0.03,glr_two_sided,4000,1180,6041,180000,2.54225,0.295,0.03356111111111111
gaussian,ramp_down,2.0,0.03,mahalanobis,4000,800,5428,180000,2.6665,0.2,0.030155555555555557
gaussian,ramp_down,2.0,0.03,max_absolute,4000,939,5705,180000,2.6175,0.23475,0.03169444444444444
gaussian,ramp_down,2.0,0.03,stouffer_down,4000,1970,5691,180000,2.1625,0.4925,0.03161666666666667
gaussian,ramp_down,2.0,0.03,stouffer_two_sided,4000,1435,6036,180000,2.42425,0.35875,0.03353333333333333
gaussian,ramp_down,4.0,0.01,energy,4000,2747,2073,180000,1.98475,0.68675,0.011516666666666666
gaussian,ramp_down,4.0,0.01,glr_two_sided,4000,2800,2147,180000,2.043,0.7,0.011927777777777778
gaussian,ramp_down,4.0,0.01,mahalanobis,4000,1834,1814,180000,2.3762499999999998,0.4585,0.010077777777777778
gaussian,ramp_down,4.0,0.01,max_absolute,4000,1813,1980,180000,2.35425,0.45325,0.011
gaussian,ramp_down,4.0,0.01,stouffer_down,4000,3254,1914,180000,1.67275,0.8135,0.010633333333333333
gaussian,ramp_down,4.0,0.01,stouffer_two_sided,4000,3009,2270,180000,1.8425,0.75225,0.012611111111111111
gaussian,ramp_down,4.0,0.03,energy,4000,3283,5835,180000,1.64125,0.82075,0.03241666666666667
gaussian,ramp_down,4.0,0.03,glr_two_sided,4000,3295,6041,180000,1.7267500000000002,0.82375,0.03356111111111111
gaussian,ramp_down,4.0,0.03,mahalanobis,4000,2559,5428,180000,2.0355,0.63975,0.030155555555555557
gaussian,ramp_down,4.0,0.03,max_absolute,4000,2611,5705,180000,1.97275,0.65275,0.03169444444444444
gaussian,ramp_down,4.0,0.03,stouffer_down,4000,3703,5691,180000,1.28125,0.92575,0.03161666666666667
gaussian,ramp_down,4.0,0.03,stouffer_two_sided,4000,3451,6036,180000,1.5254999999999999,0.86275,0.03353333333333333
gaussian,ramp_down,6.0,0.01,energy,4000,3894,2073,180000,1.267,0.9735,0.011516666666666666
gaussian,ramp_down,6.0,0.01,glr_two_sided,4000,3916,2147,180000,1.38125,0.979,0.011927777777777778
gaussian,ramp_down,6.0,0.01,mahalanobis,4000,3607,1814,180000,1.63775,0.90175,0.010077777777777778
gaussian,ramp_down,6.0,0.01,max_absolute,4000,3488,1980,180000,1.6600000000000001,0.872,0.011
gaussian,ramp_down,6.0,0.01,stouffer_down,4000,3960,1914,180000,1.0365,0.99,0.010633333333333333
gaussian,ramp_down,6.0,0.01,stouffer_two_sided,4000,3933,2270,180000,1.1644999999999999,0.98325,0.012611111111111111
gaussian,ramp_down,6.0,0.03,energy,4000,3960,5835,180000,1.033,0.99,0.03241666666666667
gaussian,ramp_down,6.0,0.03,glr_two_sided,4000,3964,6041,180000,1.1445,0.991,0.03356111111111111
gaussian,ramp_down,6.0,0.03,mahalanobis,4000,3847,5428,180000,1.338,0.96175,0.030155555555555557
gaussian,ramp_down,6.0,0.03,max_absolute,4000,3816,5705,180000,1.3130000000000002,0.954,0.03169444444444444
gaussian,ramp_down,6.0,0.03,stouffer_down,4000,3988,5691,180000,0.76775,0.997,0.03161666666666667
gaussian,ramp_down,6.0,0.03,stouffer_two_sided,4000,3975,6036,180000,0.93225,0.99375,0.03353333333333333
gaussian,sparse_down,2.0,0.01,energy,4000,942,2073,180000,2.50675,0.2355,0.011516666666666666
gaussian,sparse_down,2.0,0.01,glr_two_sided,4000,302,2147,180000,2.8587499999999997,0.0755,0.011927777777777778
gaussian,sparse_down,2.0,0.01,mahalanobis,4000,1440,1814,180000,2.22725,0.36,0.010077777777777778
gaussian,sparse_down,2.0,0.01,max_absolute,4000,1422,1980,180000,2.227,0.3555,0.011
gaussian,sparse_down,2.0,0.01,stouffer_down,4000,542,1914,180000,2.721,0.1355,0.010633333333333333
gaussian,sparse_down,2.0,0.01,stouffer_two_sided,4000,355,2270,180000,2.819,0.08875,0.012611111111111111
gaussian,sparse_down,2.0,0.03,energy,4000,1788,5835,180000,2.0265,0.447,0.03241666666666667
gaussian,sparse_down,2.0,0.03,glr_two_sided,4000,640,6041,180000,2.68525,0.16,0.03356111111111111
gaussian,sparse_down,2.0,0.03,mahalanobis,4000,2234,5428,180000,1.75225,0.5585,0.030155555555555557
gaussian,sparse_down,2.0,0.03,max_absolute,4000,2169,5705,180000,1.78475,0.54225,0.03169444444444444
gaussian,sparse_down,2.0,0.03,stouffer_down,4000,1129,5691,180000,2.39775,0.28225,0.03161666666666667
gaussian,sparse_down,2.0,0.03,stouffer_two_sided,4000,758,6036,180000,2.606,0.1895,0.03353333333333333
gaussian,sparse_down,4.0,0.01,energy,4000,3771,2073,180000,0.55675,0.94275,0.011516666666666666
gaussian,sparse_down,4.0,0.01,glr_two_sided,4000,1121,2147,180000,2.509,0.28025,0.011927777777777778
gaussian,sparse_down,4.0,0.01,mahalanobis,4000,3930,1814,180000,0.27975,0.9825,0.010077777777777778
gaussian,sparse_down,4.0,0.01,max_absolute,4000,3944,1980,180000,0.24225,0.986,0.011
gaussian,sparse_down,4.0,0.01,stouffer_down,4000,1501,1914,180000,2.18325,0.37525,0.010633333333333333
gaussian,sparse_down,4.0,0.01,stouffer_two_sided,4000,1162,2270,180000,2.37975,0.2905,0.012611111111111111
gaussian,sparse_down,4.0,0.03,energy,4000,3941,5835,180000,0.265,0.98525,0.03241666666666667
gaussian,sparse_down,4.0,0.03,glr_two_sided,4000,1743,6041,180000,2.1605,0.43575,0.03356111111111111
gaussian,sparse_down,4.0,0.03,mahalanobis,4000,3984,5428,180000,0.12974999999999998,0.996,0.030155555555555557
gaussian,sparse_down,4.0,0.03,max_absolute,4000,3983,5705,180000,0.12475,0.99575,0.03169444444444444
gaussian,sparse_down,4.0,0.03,stouffer_down,4000,2387,5691,180000,1.6467500000000002,0.59675,0.03161666666666667
gaussian,sparse_down,4.0,0.03,stouffer_two_sided,4000,1865,6036,180000,1.9685,0.46625,0.03353333333333333
gaussian,sparse_down,6.0,0.01,energy,4000,4000,2073,180000,0.008,1.0,0.011516666666666666
gaussian,sparse_down,6.0,0.01,glr_two_sided,4000,2497,2147,180000,1.832,0.62425,0.011927777777777778
gaussian,sparse_down,6.0,0.01,mahalanobis,4000,4000,1814,180000,0.0017500000000000003,1.0,0.010077777777777778
gaussian,sparse_down,6.0,0.01,max_absolute,4000,4000,1980,180000,0.00225,1.0,0.011
gaussian,sparse_down,6.0,0.01,stouffer_down,4000,2785,1914,180000,1.36025,0.69625,0.010633333333333333
gaussian,sparse_down,6.0,0.01,stouffer_two_sided,4000,2426,2270,180000,1.6190000000000002,0.6065,0.012611111111111111
gaussian,sparse_down,6.0,0.03,energy,4000,4000,5835,180000,0.00125,1.0,0.03241666666666667
gaussian,sparse_down,6.0,0.03,glr_two_sided,4000,3064,6041,180000,1.3935,0.766,0.03356111111111111
gaussian,sparse_down,6.0,0.03,mahalanobis,4000,4000,5428,180000,0.001,1.0,0.030155555555555557
gaussian,sparse_down,6.0,0.03,max_absolute,4000,4000,5705,180000,0.00075,1.0,0.03169444444444444
gaussian,sparse_down,6.0,0.03,stouffer_down,4000,3417,5691,180000,0.8615,0.85425,0.03161666666666667
gaussian,sparse_down,6.0,0.03,stouffer_two_sided,4000,3064,6036,180000,1.1567500000000002,0.766,0.03353333333333333
student5,common_down,2.0,0.01,energy,4000,266,1987,180000,2.8685,0.0665,0.01103888888888889
student5,common_down,2.0,0.01,glr_two_sided,4000,661,1859,180000,2.731,0.16525,0.010327777777777778
student5,common_down,2.0,0.01,mahalanobis,4000,152,1785,180000,2.926,0.038,0.009916666666666667
student5,common_down,2.0,0.01,max_absolute,4000,194,1852,180000,2.9025,0.0485,0.010288888888888889
student5,common_down,2.0,0.01,stouffer_down,4000,1249,1989,180000,2.3245,0.31225,0.01105
student5,common_down,2.0,0.01,stouffer_two_sided,4000,680,2190,180000,2.64875,0.17,0.012166666666666666
student5,common_down,2.0,0.03,energy,4000,908,5786,180000,2.52525,0.227,0.03214444444444445
student5,common_down,2.0,0.03,glr_two_sided,4000,1661,6074,180000,2.23975,0.41525,0.033744444444444445
student5,common_down,2.0,0.03,mahalanobis,4000,568,5661,180000,2.7075,0.142,0.03145
student5,common_down,2.0,0.03,max_absolute,4000,669,5539,180000,2.6572500000000003,0.16725,0.03077222222222222
student5,common_down,2.0,0.03,stouffer_down,4000,2603,5800,180000,1.4945,0.65075,0.03222222222222222
student5,common_down,2.0,0.03,stouffer_two_sided,4000,1725,5978,180000,2.05925,0.43125,0.03321111111111111
student5,common_down,4.0,0.01,energy,4000,1516,1987,180000,2.175,0.379,0.01103888888888889
student5,common_down,4.0,0.01,glr_two_sided,4000,3588,1859,180000,1.253,0.897,0.010327777777777778
student5,common_down,4.0,0.01,mahalanobis,4000,439,1785,180000,2.7807500000000003,0.10975,0.009916666666666667
student5,common_down,4.0,0.01,max_absolute,4000,607,1852,180000,2.6879999999999997,0.15175,0.010288888888888889
student5,common_down,4.0,0.01,stouffer_down,4000,3789,1989,180000,0.46049999999999996,0.94725,0.01105
student5,common_down,4.0,0.01,stouffer_two_sided,4000,3320,2190,180000,0.93725,0.83,0.012166666666666666
student5,common_down,4.0,0.03,energy,4000,3293,5786,180000,0.9650000000000001,0.82325,0.03214444444444445
student5,common_down,4.0,0.03,glr_two_sided,4000,3897,6074,180000,0.6054999999999999,0.97425,0.033744444444444445
student5,common_down,4.0,0.03,mahalanobis,4000,1812,5661,180000,1.99575,0.453,0.03145
student5,common_down,4.0,0.03,max_absolute,4000,2081,5539,180000,1.846,0.52025,0.03077222222222222
student5,common_down,4.0,0.03,stouffer_down,4000,3987,5800,180000,0.12375,0.99675,0.03222222222222222
student5,common_down,4.0,0.03,stouffer_two_sided,4000,3905,5978,180000,0.28450000000000003,0.97625,0.03321111111111111
student5,common_down,6.0,0.01,energy,4000,3828,1987,180000,0.391,0.957,0.01103888888888889
student5,common_down,6.0,0.01,glr_two_sided,4000,3994,1859,180000,0.23525000000000001,0.9985,0.010327777777777778
student5,common_down,6.0,0.01,mahalanobis,4000,1909,1785,180000,1.93675,0.47725,0.009916666666666667
student5,common_down,6.0,0.01,max_absolute,4000,1981,1852,180000,1.9105,0.49525,0.010288888888888889
student5,common_down,6.0,0.01,stouffer_down,4000,3996,1989,180000,0.028500000000000004,0.999,0.01105
student5,common_down,6.0,0.01,stouffer_two_sided,4000,3995,2190,180000,0.06225000000000001,0.99875,0.012166666666666666
student5,common_down,6.0,0.03,energy,4000,3995,5786,180000,0.053500000000000006,0.99875,0.03214444444444445
student5,common_down,6.0,0.03,glr_two_sided,4000,3996,6074,180000,0.059750000000000004,0.999,0.033744444444444445
student5,common_down,6.0,0.03,mahalanobis,4000,3848,5661,180000,0.373,0.962,0.03145
student5,common_down,6.0,0.03,max_absolute,4000,3801,5539,180000,0.4655,0.95025,0.03077222222222222
student5,common_down,6.0,0.03,stouffer_down,4000,4000,5800,180000,0.0075,1.0,0.03222222222222222
student5,common_down,6.0,0.03,stouffer_two_sided,4000,3998,5978,180000,0.01825,0.9995,0.03321111111111111
student5,common_up,2.0,0.01,energy,4000,260,1987,180000,2.8732499999999996,0.065,0.01103888888888889
student5,common_up,2.0,0.01,glr_two_sided,4000,570,1859,180000,2.7635,0.1425,0.010327777777777778
student5,common_up,2.0,0.01,mahalanobis,4000,153,1785,180000,2.9259999999999997,0.03825,0.009916666666666667
student5,common_up,2.0,0.01,max_absolute,4000,184,1852,180000,2.912,0.046,0.010288888888888889
student5,common_up,2.0,0.01,stouffer_down,4000,11,1989,180000,2.995,0.00275,0.01105
student5,common_up,2.0,0.01,stouffer_two_sided,4000,609,2190,180000,2.68175,0.15225,0.012166666666666666
student5,common_up,2.0,0.03,energy,4000,843,5786,180000,2.5625,0.21075,0.03214444444444445
student5,common_up,2.0,0.03,glr_two_sided,4000,1582,6074,180000,2.27925,0.3955,0.033744444444444445
student5,common_up,2.0,0.03,mahalanobis,4000,520,5661,180000,2.7385,0.13,0.03145
student5,common_up,2.0,0.03,max_absolute,4000,643,5539,180000,2.67,0.16075,0.03077222222222222
student5,common_up,2.0,0.03,stouffer_down,4000,36,5800,180000,2.98175,0.009,0.03222222222222222
student5,common_up,2.0,0.03,stouffer_two_sided,4000,1630,5978,180000,2.112,0.4075,0.03321111111111111
student5,common_up,4.0,0.01,energy,4000,1407,1987,180000,2.23775,0.35175,0.01103888888888889
student5,common_up,4.0,0.01,glr_two_sided,4000,3544,1859,180000,1.291,0.886,0.010327777777777778
student5,common_up,4.0,0.01,mahalanobis,4000,389,1785,180000,2.8065,0.09725,0.009916666666666667
student5,common_up,4.0,0.01,max_absolute,4000,579,1852,180000,2.70425,0.14475,0.010288888888888889
student5,common_up,4.0,0.01,stouffer_down,4000,1,1989,180000,2.9995000000000003,0.00025,0.01105
student5,common_up,4.0,0.01,stouffer_two_sided,4000,3289,2190,180000,0.97425,0.82225,0.012166666666666666
student5,common_up,4.0,0.03,energy,4000,3258,5786,180000,1.0074999999999998,0.8145,0.03214444444444445
student5,common_up,4.0,0.03,glr_two_sided,4000,3903,6074,180000,0.63175,0.97575,0.033744444444444445
student5,common_up,4.0,0.03,mahalanobis,4000,1728,5661,180000,2.06025,0.432,0.03145
student5,common_up,4.0,0.03,max_absolute,4000,1977,5539,180000,1.9032499999999999,0.49425,0.03077222222222222
student5,common_up,4.0,0.03,stouffer_down,4000,4,5800,180000,2.99775,0.001,0.03222222222222222
student5,common_up,4.0,0.03,stouffer_two_sided,4000,3910,5978,180000,0.30474999999999997,0.9775,0.03321111111111111
student5,common_up,6.0,0.01,energy,4000,3833,1987,180000,0.4185,0.95825,0.01103888888888889
student5,common_up,6.0,0.01,glr_two_sided,4000,3999,1859,180000,0.24925000000000003,0.99975,0.010327777777777778
student5,common_up,6.0,0.01,mahalanobis,4000,1827,1785,180000,1.99775,0.45675,0.009916666666666667
student5,common_up,6.0,0.01,max_absolute,4000,1875,1852,180000,1.96525,0.46875,0.010288888888888889
student5,common_up,6.0,0.01,stouffer_down,4000,0,1989,180000,3.0,0.0,0.01105
student5,common_up,6.0,0.01,stouffer_two_sided,4000,3999,2190,180000,0.06575,0.99975,0.012166666666666666
student5,common_up,6.0,0.03,energy,4000,4000,5786,180000,0.061750000000000006,1.0,0.03214444444444445
student5,common_up,6.0,0.03,glr_two_sided,4000,4000,6074,180000,0.062,1.0,0.033744444444444445
student5,common_up,6.0,0.03,mahalanobis,4000,3849,5661,180000,0.38449999999999995,0.96225,0.03145
student5,common_up,6.0,0.03,max_absolute,4000,3792,5539,180000,0.49675,0.948,0.03077222222222222
student5,common_up,6.0,0.03,stouffer_down,4000,0,5800,180000,3.0,0.0,0.03222222222222222
student5,common_up,6.0,0.03,stouffer_two_sided,4000,4000,5978,180000,0.0225,1.0,0.03321111111111111
student5,opposed,2.0,0.01,energy,4000,194,1987,180000,2.9057500000000003,0.0485,0.01103888888888889
student5,opposed,2.0,0.01,glr_two_sided,4000,87,1859,180000,2.95125,0.02175,0.010327777777777778
student5,opposed,2.0,0.01,mahalanobis,4000,236,1785,180000,2.8825,0.059,0.009916666666666667
student5,opposed,2.0,0.01,max_absolute,4000,236,1852,180000,2.8825,0.059,0.010288888888888889
student5,opposed,2.0,0.01,stouffer_down,4000,118,1989,180000,2.9415,0.0295,0.01105
student5,opposed,2.0,0.01,stouffer_two_sided,4000,121,2190,180000,2.942,0.03025,0.012166666666666666
student5,opposed,2.0,0.03,energy,4000,714,5786,180000,2.6395,0.1785,0.03214444444444445
student5,opposed,2.0,0.03,glr_two_sided,4000,247,6074,180000,2.8607500000000003,0.06175,0.033744444444444445
student5,opposed,2.0,0.03,mahalanobis,4000,961,5661,180000,2.49425,0.24025,0.03145
student5,opposed,2.0,0.03,max_absolute,4000,814,5539,180000,2.5772500000000003,0.2035,0.03077222222222222
student5,opposed,2.0,0.03,stouffer_down,4000,374,5800,180000,2.81075,0.0935,0.03222222222222222
student5,opposed,2.0,0.03,stouffer_two_sided,4000,378,5978,180000,2.80775,0.0945,0.03321111111111111
student5,opposed,4.0,0.01,energy,4000,1129,1987,180000,2.40625,0.28225,0.01103888888888889
student5,opposed,4.0,0.01,glr_two_sided,4000,87,1859,180000,2.95125,0.02175,0.010327777777777778
student5,opposed,4.0,0.01,mahalanobis,4000,2030,1785,180000,1.86,0.5075,0.009916666666666667
student5,opposed,4.0,0.01,max_absolute,4000,1442,1852,180000,2.2192499999999997,0.3605,0.010288888888888889
student5,opposed,4.0,0.01,stouffer_down,4000,118,1989,180000,2.9415,0.0295,0.01105
student5,opposed,4.0,0.01,stouffer_two_sided,4000,121,2190,180000,2.942,0.03025,0.012166666666666666
student5,opposed,4.0,0.03,energy,4000,3397,5786,180000,0.8505,0.84925,0.03214444444444445
student5,opposed,4.0,0.03,glr_two_sided,4000,247,6074,180000,2.8607500000000003,0.06175,0.033744444444444445
student5,opposed,4.0,0.03,mahalanobis,4000,3846,5661,180000,0.3545,0.9615,0.03145
student5,opposed,4.0,0.03,max_absolute,4000,3558,5539,180000,0.742,0.8895,0.03077222222222222
student5,opposed,4.0,0.03,stouffer_down,4000,374,5800,180000,2.81075,0.0935,0.03222222222222222
student5,opposed,4.0,0.03,stouffer_two_sided,4000,378,5978,180000,2.80775,0.0945,0.03321111111111111
student5,opposed,6.0,0.01,energy,4000,3945,1987,180000,0.21200000000000002,0.98625,0.01103888888888889
student5,opposed,6.0,0.01,glr_two_sided,4000,87,1859,180000,2.95125,0.02175,0.010327777777777778
student5,opposed,6.0,0.01,mahalanobis,4000,3988,1785,180000,0.062,0.997,0.009916666666666667
student5,opposed,6.0,0.01,max_absolute,4000,3930,1852,180000,0.23725000000000002,0.9825,0.010288888888888889
student5,opposed,6.0,0.01,stouffer_down,4000,118,1989,180000,2.9415,0.0295,0.01105
student5,opposed,6.0,0.01,stouffer_two_sided,4000,121,2190,180000,2.942,0.03025,0.012166666666666666
student5,opposed,6.0,0.03,energy,4000,4000,5786,180000,0.01075,1.0,0.03214444444444445
student5,opposed,6.0,0.03,glr_two_sided,4000,247,6074,180000,2.8607500000000003,0.06175,0.033744444444444445
student5,opposed,6.0,0.03,mahalanobis,4000,4000,5661,180000,0.0032500000000000003,1.0,0.03145
student5,opposed,6.0,0.03,max_absolute,4000,4000,5539,180000,0.01125,1.0,0.03077222222222222
student5,opposed,6.0,0.03,stouffer_down,4000,374,5800,180000,2.81075,0.0935,0.03222222222222222
student5,opposed,6.0,0.03,stouffer_two_sided,4000,378,5978,180000,2.80775,0.0945,0.03321111111111111
student5,ramp_down,2.0,0.01,energy,4000,196,1987,180000,2.9165,0.049,0.01103888888888889
student5,ramp_down,2.0,0.01,glr_two_sided,4000,278,1859,180000,2.893,0.0695,0.010327777777777778
student5,ramp_down,2.0,0.01,mahalanobis,4000,130,1785,180000,2.94075,0.0325,0.009916666666666667
student5,ramp_down,2.0,0.01,max_absolute,4000,149,1852,180000,2.93325,0.03725,0.010288888888888889
student5,ramp_down,2.0,0.01,stouffer_down,4000,720,1989,180000,2.7199999999999998,0.18,0.01105
student5,ramp_down,2.0,0.01,stouffer_two_sided,4000,410,2190,180000,2.8425000000000002,0.1025,0.012166666666666666
student5,ramp_down,2.0,0.03,energy,4000,639,5786,180000,2.7197500000000003,0.15975,0.03214444444444445
student5,ramp_down,2.0,0.03,glr_two_sided,4000,855,6074,180000,2.659,0.21375,0.033744444444444445
student5,ramp_down,2.0,0.03,mahalanobis,4000,458,5661,180000,2.78525,0.1145,0.03145
student5,ramp_down,2.0,0.03,max_absolute,4000,519,5539,180000,2.7649999999999997,0.12975,0.03077222222222222
student5,ramp_down,2.0,0.03,stouffer_down,4000,1828,5800,180000,2.24275,0.457,0.03222222222222222
student5,ramp_down,2.0,0.03,stouffer_two_sided,4000,1115,5978,180000,2.55475,0.27875,0.03321111111111111
student5,ramp_down,4.0,0.01,energy,4000,776,1987,180000,2.74025,0.194,0.01103888888888889
student5,ramp_down,4.0,0.01,glr_two_sided,4000,1842,1859,180000,2.443,0.4605,0.010327777777777778
student5,ramp_down,4.0,0.01,mahalanobis,4000,259,1785,180000,2.8995,0.06475,0.009916666666666667
student5,ramp_down,4.0,0.01,max_absolute,4000,343,1852,180000,2.87175,0.08575,0.010288888888888889
student5,ramp_down,4.0,0.01,stouffer_down,4000,3038,1989,180000,1.8987500000000002,0.7595,0.01105
student5,ramp_down,4.0,0.01,stouffer_two_sided,4000,2268,2190,180000,2.245,0.567,0.012166666666666666
student5,ramp_down,4.0,0.03,energy,4000,2293,5786,180000,2.17875,0.57325,0.03214444444444445
student5,ramp_down,4.0,0.03,glr_two_sided,4000,3141,6074,180000,1.89225,0.78525,0.033744444444444445
student5,ramp_down,4.0,0.03,mahalanobis,4000,1068,5661,180000,2.586,0.267,0.03145
student5,ramp_down,4.0,0.03,max_absolute,4000,1233,5539,180000,2.52425,0.30825,0.03077222222222222
student5,ramp_down,4.0,0.03,stouffer_down,4000,3770,5800,180000,1.272,0.9425,0.03222222222222222
student5,ramp_down,4.0,0.03,stouffer_two_sided,4000,3410,5978,180000,1.65275,0.8525,0.03321111111111111
student5,ramp_down,6.0,0.01,energy,4000,3063,1987,180000,2.037,0.76575,0.01103888888888889
student5,ramp_down,6.0,0.01,glr_two_sided,4000,3754,1859,180000,1.73225,0.9385,0.010327777777777778
student5,ramp_down,6.0,0.01,mahalanobis,4000,959,1785,180000,2.7009999999999996,0.23975,0.009916666666666667
student5,ramp_down,6.0,0.01,max_absolute,4000,1014,1852,180000,2.66225,0.2535,0.010288888888888889
student5,ramp_down,6.0,0.01,stouffer_down,4000,3946,1989,180000,1.153,0.9865,0.01105
student5,ramp_down,6.0,0.01,stouffer_two_sided,4000,3852,2190,180000,1.4457499999999999,0.963,0.012166666666666666
student5,ramp_down,6.0,0.03,energy,4000,3862,5786,180000,1.4220000000000002,0.9655,0.03214444444444445
student5,ramp_down,6.0,0.03,glr_two_sided,4000,3954,6074,180000,1.2657500000000002,0.9885,0.033744444444444445
student5,ramp_down,6.0,0.03,mahalanobis,4000,3156,5661,180000,1.92575,0.789,0.03145
student5,ramp_down,6.0,0.03,max_absolute,4000,2985,5539,180000,1.9225,0.74625,0.03077222222222222
student5,ramp_down,6.0,0.03,stouffer_down,4000,3993,5800,180000,0.74525,0.99825,0.03222222222222222
student5,ramp_down,6.0,0.03,stouffer_two_sided,4000,3968,5978,180000,1.0015,0.992,0.03321111111111111
student5,sparse_down,2.0,0.01,energy,4000,211,1987,180000,2.896,0.05275,0.01103888888888889
student5,sparse_down,2.0,0.01,glr_two_sided,4000,131,1859,180000,2.93375,0.03275,0.010327777777777778
student5,sparse_down,2.0,0.01,mahalanobis,4000,217,1785,180000,2.8905000000000003,0.05425,0.009916666666666667
student5,sparse_down,2.0,0.01,max_absolute,4000,289,1852,180000,2.8537500000000002,0.07225,0.010288888888888889
student5,sparse_down,2.0,0.01,stouffer_down,4000,361,1989,180000,2.8175,0.09025,0.01105
student5,sparse_down,2.0,0.01,stouffer_two_sided,4000,214,2190,180000,2.8897500000000003,0.0535,0.012166666666666666
student5,sparse_down,2.0,0.03,energy,4000,753,5786,180000,2.6085000000000003,0.18825,0.03214444444444445
student5,sparse_down,2.0,0.03,glr_two_sided,4000,480,6074,180000,2.75275,0.12,0.033744444444444445
student5,sparse_down,2.0,0.03,mahalanobis,4000,849,5661,180000,2.55575,0.21225,0.03145
student5,sparse_down,2.0,0.03,max_absolute,4000,1060,5539,180000,2.43475,0.265,0.03077222222222222
student5,sparse_down,2.0,0.03,stouffer_down,4000,1040,5800,180000,2.44775,0.26,0.03222222222222222
student5,sparse_down,2.0,0.03,stouffer_two_sided,4000,600,5978,180000,2.69325,0.15,0.03321111111111111
student5,sparse_down,4.0,0.01,energy,4000,1165,1987,180000,2.37775,0.29125,0.01103888888888889
student5,sparse_down,4.0,0.01,glr_two_sided,4000,478,1859,180000,2.80275,0.1195,0.010327777777777778
student5,sparse_down,4.0,0.01,mahalanobis,4000,1513,1785,180000,2.1765,0.37825,0.009916666666666667
student5,sparse_down,4.0,0.01,max_absolute,4000,2962,1852,180000,1.2137499999999999,0.7405,0.010288888888888889
student5,sparse_down,4.0,0.01,stouffer_down,4000,1016,1989,180000,2.4625,0.254,0.01105
student5,sparse_down,4.0,0.01,stouffer_two_sided,4000,532,2190,180000,2.728,0.133,0.012166666666666666
student5,sparse_down,4.0,0.03,energy,4000,3342,5786,180000,0.91425,0.8355,0.03214444444444445
student5,sparse_down,4.0,0.03,glr_two_sided,4000,1320,6074,180000,2.3907499999999997,0.33,0.033744444444444445
student5,sparse_down,4.0,0.03,mahalanobis,4000,3721,5661,180000,0.546,0.93025,0.03145
student5,sparse_down,4.0,0.03,max_absolute,4000,3940,5539,180000,0.24525000000000002,0.985,0.03077222222222222
student5,sparse_down,4.0,0.03,stouffer_down,4000,2284,5800,180000,1.705,0.571,0.03222222222222222
student5,sparse_down,4.0,0.03,stouffer_two_sided,4000,1453,5978,180000,2.21675,0.36325,0.03321111111111111
student5,sparse_down,6.0,0.01,energy,4000,3933,1987,180000,0.25825,0.98325,0.01103888888888889
student5,sparse_down,6.0,0.01,glr_two_sided,4000,1574,1859,180000,2.36625,0.3935,0.010327777777777778
student5,sparse_down,6.0,0.01,mahalanobis,4000,3984,1785,180000,0.12625,0.996,0.009916666666666667
student5,sparse_down,6.0,0.01,max_absolute,4000,3997,1852,180000,0.0355,0.99925,0.010288888888888889
student5,sparse_down,6.0,0.01,stouffer_down,4000,2246,1989,180000,1.73075,0.5615,0.01105
student5,sparse_down,6.0,0.01,stouffer_two_sided,4000,1377,2190,180000,2.258,0.34425,0.012166666666666666
student5,sparse_down,6.0,0.03,energy,4000,4000,5786,180000,0.013250000000000001,1.0,0.03214444444444445
student5,sparse_down,6.0,0.03,glr_two_sided,4000,2884,6074,180000,1.62275,0.721,0.033744444444444445
student5,sparse_down,6.0,0.03,mahalanobis,4000,4000,5661,180000,0.006750000000000001,1.0,0.03145
student5,sparse_down,6.0,0.03,max_absolute,4000,4000,5539,180000,0.0055,1.0,0.03077222222222222
student5,sparse_down,6.0,0.03,stouffer_down,4000,3490,5800,180000,0.7795,0.8725,0.03222222222222222
student5,sparse_down,6.0,0.03,stouffer_two_sided,4000,2779,5978,180000,1.3675000000000002,0.69475,0.03321111111111111
