dataset,publication,series_id,series_name,period_label,period_end_exclusive,periodicity,value,unit,decimals
fx_rate,Номинальные курсы иностранных валют к рублю (рублей за единицу иностранной валюты) (ежемесячные данные),98,Доллара США к рублю на конец периода,Январь 2022,2022-02-01,month,77.8174,руб.,4
fx_rate,Номинальные курсы иностранных валют к рублю (рублей за единицу иностранной валюты) (ежемесячные данные),99,Евро к рублю на конец периода,Январь 2022,2022-02-01,month,86.6419,руб.,4
fx_rate,Номинальные курсы иностранных валют к рублю (рублей за единицу иностранной валюты) (ежемесячные данные),100,Юаня к рублю на конец периода,Январь 2022,2022-02-01,month,,руб.,4
money_supply,Структура денежной массы,12,Всего,01.02.2022,2022-02-01,month,65310.3,млрд руб.,0
money_supply,Структура денежной массы,19,Денежный агрегат М1,01.02.2022,2022-02-01,month,35897.0,млрд руб.,0
money_supply,Структура денежной массы,20,Другие депозиты других финансовых организаций,01.02.2022,2022-02-01,month,2169.0,млрд руб.,0
money_supply,Структура денежной массы,21,Другие депозиты нефинансовых организаций,01.02.2022,2022-02-01,month,9884.9,млрд руб.,0
money_supply,Структура денежной массы,22,Другие депозиты домашних хозяйств,01.02.2022,2022-02-01,month,17359.4,млрд руб.,0
fx_rate,Номинальные курсы иностранных валют к рублю (рублей за единицу иностранной валюты) (ежемесячные данные),98,Доллара США к рублю на конец периода,Февраль 2022,2022-03-01,month,83.5485,руб.,4
fx_rate,Номинальные курсы иностранных валют к рублю (рублей за единицу иностранной валюты) (ежемесячные данные),99,Евро к рублю на конец периода,Февраль 2022,2022-03-01,month,93.5994,руб.,4
fx_rate,Номинальные курсы иностранных валют к рублю (рублей за единицу иностранной валюты) (ежемесячные данные),100,Юаня к рублю на конец периода,Февраль 2022,2022-03-01,month,,руб.,4
money_supply,Структура денежной массы,12,Всего,01.03.2022,2022-03-01,month,66659.7,млрд руб.,0
money_supply,Структура денежной массы,19,Денежный агрегат М1,01.03.2022,2022-03-01,month,37248.3,млрд руб.,0
money_supply,Структура денежной массы,20,Другие депозиты других финансовых организаций,01.03.2022,2022-03-01,month,2169.2,млрд руб.,0
money_supply,Структура денежной массы,21,Другие депозиты нефинансовых организаций,01.03.2022,2022-03-01,month,10181.5,млрд руб.,0
money_supply,Структура денежной массы,22,Другие депозиты домашних хозяйств,01.03.2022,2022-03-01,month,17060.7,млрд руб.,0
fx_rate,Номинальные курсы иностранных валют к рублю (рублей за единицу иностранной валюты) (ежемесячные данные),98,Доллара США к рублю на конец периода,Март 2022,2022-04-01,month,84.0851,руб.,4
fx_rate,Номинальные курсы иностранных валют к рублю (рублей за единицу иностранной валюты) (ежемесячные данные),99,Евро к рублю на конец периода,Март 2022,2022-04-01,month,93.696,руб.,4
fx_rate,Номинальные курсы иностранных валют к рублю (рублей за единицу иностранной валюты) (ежемесячные данные),100,Юаня к рублю на конец периода,Март 2022,2022-04-01,month,,руб.,4
money_supply,Структура денежной массы,12,Всего,01.04.2022,2022-04-01,month,68203.5,млрд руб.,0
money_supply,Структура денежной массы,19,Денежный агрегат М1,01.04.2022,2022-04-01,month,34872.8,млрд руб.,0
money_supply,Структура денежной массы,20,Другие депозиты других финансовых организаций,01.04.2022,2022-04-01,month,2258.9,млрд руб.,0
money_supply,Структура денежной массы,21,Другие депозиты нефинансовых организаций,01.04.2022,2022-04-01,month,11252.9,млрд руб.,0
money_supply,Структура денежной массы,22,Другие депозиты домашних хозяйств,01.04.2022,2022-04-01,month,19818.9,млрд руб.,0
fx_rate,Номинальные курсы иностранных валют к рублю (рублей за единицу иностранной валюты) (ежемесячные данные),98,Доллара США к рублю на конец периода,Апрель 2022,2022-05-01,month,71.0237,руб.,4
fx_rate,Номинальные курсы иностранных валют к рублю (рублей за единицу иностранной валюты) (ежемесячные данные),99,Евро к рублю на конец периода,Апрель 2022,2022-05-01,month,74.5589,руб.,4
fx_rate,Номинальные курсы иностранных валют к рублю (рублей за единицу иностранной валюты) (ежемесячные данные),100,Юаня к рублю на конец периода,Апрель 2022,2022-05-01,month,,руб.,4
money_supply,Структура денежной массы,12,Всего,01.05.2022,2022-05-01,month,68475.3,млрд руб.,0
money_supply,Структура денежной массы,19,Денежный агрегат М1,01.05.2022,2022-05-01,month,34269.4,млрд руб.,0
money_supply,Структура денежной массы,20,Другие депозиты других финансовых организаций,01.05.2022,2022-05-01,month,2258.9,млрд руб.,0
money_supply,Структура денежной массы,21,Другие депозиты нефинансовых организаций,01.05.2022,2022-05-01,month,11120.5,млрд руб.,0
money_supply,Структура денежной массы,22,Другие депозиты домашних хозяйств,01.05.2022,2022-05-01,month,20826.4,млрд руб.,0
fx_rate,Номинальные курсы иностранных валют к рублю (рублей за единицу иностранной валюты) (ежемесячные данные),98,Доллара США к рублю на конец периода,Май 2022,2022-06-01,month,63.0975,руб.,4
fx_rate,Номинальные курсы иностранных валют к рублю (рублей за единицу иностранной валюты) (ежемесячные данные),99,Евро к рублю на конец периода,Май 2022,2022-06-01,month,64.717,руб.,4
fx_rate,Номинальные курсы иностранных валют к рублю (рублей за единицу иностранной валюты) (ежемесячные данные),100,Юаня к рублю на конец периода,Май 2022,2022-06-01,month,,руб.,4
money_supply,Структура денежной массы,12,Всего,01.06.2022,2022-06-01,month,68993.4,млрд руб.,0
money_supply,Структура денежной массы,19,Денежный агрегат М1,01.06.2022,2022-06-01,month,34720.4,млрд руб.,0
money_supply,Структура денежной массы,20,Другие депозиты других финансовых организаций,01.06.2022,2022-06-01,month,2250.9,млрд руб.,0
money_supply,Структура денежной массы,21,Другие депозиты нефинансовых организаций,01.06.2022,2022-06-01,month,10941.7,млрд руб.,0
money_supply,Структура денежной массы,22,Другие депозиты домашних хозяйств,01.06.2022,2022-06-01,month,21080.5,млрд руб.,0
fx_rate,Номинальные курсы иностранных валют к рублю (рублей за единицу иностранной валюты) (ежемесячные данные),98,Доллара США к рублю на конец периода,Июнь 2022,2022-07-01,month,51.158,руб.,4
fx_rate,Номинальные курсы иностранных валют к рублю (рублей за единицу иностранной валюты) (ежемесячные данные),99,Евро к рублю на конец периода,Июнь 2022,2022-07-01,month,53.858,руб.,4
fx_rate,Номинальные курсы иностранных валют к рублю (рублей за единицу иностранной валюты) (ежемесячные данные),100,Юаня к рублю на конец периода,Июнь 2022,2022-07-01,month,,руб.,4
money_supply,Структура денежной массы,12,Всего,01.07.2022,2022-07-01,month,69623.2,млрд руб.,0
money_supply,Структура денежной массы,19,Денежный агрегат М1,01.07.2022,2022-07-01,month,36457.9,млрд руб.,0
money_supply,Структура денежной массы,20,Другие депозиты других финансовых организаций,01.07.2022,2022-07-01,month,2219.1,млрд руб.,0
money_supply,Структура денежной массы,21,Другие депозиты нефинансовых организаций,01.07.2022,2022-07-01,month,10748.3,млрд руб.,0
money_supply,Структура денежной массы,22,Другие депозиты домашних хозяйств,01.07.2022,2022-07-01,month,20198.0,млрд руб.,0
fx_rate,Номинальные курсы иностранных валют к рублю (рублей за единицу иностранной валюты) (ежемесячные данные),98,Доллара США к рублю на конец периода,Июль 2022,2022-08-01,month,61.3101,руб.,4
fx_rate,Номинальные курсы иностранных валют к рублю (рублей за единицу иностранной валюты) (ежемесячные данные),99,Евро к рублю на конец периода,Июль 2022,2022-08-01,month,62.5695,руб.,4
fx_rate,Номинальные курсы иностранных валют к рублю (рублей за единицу иностранной валюты) (ежемесячные данные),100,Юаня к рублю на конец периода,Июль 2022,2022-08-01,month,,руб.,4
money_supply,Структура денежной массы,12,Всего,01.08.2022,2022-08-01,month,70825.4,млрд руб.,0
money_supply,Структура денежной массы,19,Денежный агрегат М1,01.08.2022,2022-08-01,month,37645.8,млрд руб.,0
money_supply,Структура денежной массы,20,Другие депозиты других финансовых организаций,01.08.2022,2022-08-01,month,2286.3,млрд руб.,0
money_supply,Структура денежной массы,21,Другие депозиты нефинансовых организаций,01.08.2022,2022-08-01,month,10606.4,млрд руб.,0
money_supply,Структура денежной массы,22,Другие депозиты домашних хозяйств,01.08.2022,2022-08-01,month,20286.8,млрд руб.,0
fx_rate,Номинальные курсы иностранных валют к рублю (рублей за единицу иностранной валюты) (ежемесячные данные),98,Доллара США к рублю на конец периода,Август 2022,2022-09-01,month,60.3677,руб.,4
fx_rate,Номинальные курсы иностранных валют к рублю (рублей за единицу иностранной валюты) (ежемесячные данные),99,Евро к рублю на конец периода,Август 2022,2022-09-01,month,60.5752,руб.,4
fx_rate,Номинальные курсы иностранных валют к рублю (рублей за единицу иностранной валюты) (ежемесячные данные),100,Юаня к рублю на конец периода,Август 2022,2022-09-01,month,,руб.,4
money_supply,Структура денежной массы,12,Всего,01.09.2022,2022-09-01,month,73333.3,млрд руб.,0
money_supply,Структура денежной массы,19,Денежный агрегат М1,01.09.2022,2022-09-01,month,39015.6,млрд руб.,0
money_supply,Структура денежной массы,20,Другие депозиты других финансовых организаций,01.09.2022,2022-09-01,month,2327.4,млрд руб.,0
money_supply,Структура денежной массы,21,Другие депозиты нефинансовых организаций,01.09.2022,2022-09-01,month,11779.5,млрд руб.,0
money_supply,Структура денежной массы,22,Другие депозиты домашних хозяйств,01.09.2022,2022-09-01,month,20210.8,млрд руб.,0
fx_rate,Номинальные курсы иностранных валют к рублю (рублей за единицу иностранной валюты) (ежемесячные данные),98,Доллара США к рублю на конец периода,Сентябрь 2022,2022-10-01,month,57.413,руб.,4
fx_rate,Номинальные курсы иностранных валют к рублю (рублей за единицу иностранной валюты) (ежемесячные данные),99,Евро к рублю на конец периода,Сентябрь 2022,2022-10-01,month,55.4064,руб.,4
fx_rate,Номинальные курсы иностранных валют к рублю (рублей за единицу иностранной валюты) (ежемесячные данные),100,Юаня к рублю на конец периода,Сентябрь 2022,2022-10-01,month,,руб.,4
money_supply,Структура денежной массы,12,Всего,01.10.2022,2022-10-01,month,75096.8,млрд руб.,0
money_supply,Структура денежной массы,19,Денежный агрегат М1,01.10.2022,2022-10-01,month,40601.7,млрд руб.,0
money_supply,Структура денежной массы,20,Другие депозиты других финансовых организаций,01.10.2022,2022-10-01,month,2589.4,млрд руб.,0
money_supply,Структура денежной массы,21,Другие депозиты нефинансовых организаций,01.10.2022,2022-10-01,month,12334.7,млрд руб.,0
money_supply,Структура денежной массы,22,Другие депозиты домашних хозяйств,01.10.2022,2022-10-01,month,19571.0,млрд руб.,0
fx_rate,Номинальные курсы иностранных валют к рублю (рублей за единицу иностранной валюты) (ежемесячные данные),98,Доллара США к рублю на конец периода,Октябрь 2022,2022-11-01,month,61.5343,руб.,4
fx_rate,Номинальные курсы иностранных валют к рублю (рублей за единицу иностранной валюты) (ежемесячные данные),99,Евро к рублю на конец периода,Октябрь 2022,2022-11-01,month,61.1328,руб.,4
fx_rate,Номинальные курсы иностранных валют к рублю (рублей за единицу иностранной валюты) (ежемесячные данные),100,Юаня к рублю на конец периода,Октябрь 2022,2022-11-01,month,,руб.,4
money_supply,Структура денежной массы,12,Всего,01.11.2022,2022-11-01,month,75636.5,млрд руб.,0
money_supply,Структура денежной массы,19,Денежный агрегат М1,01.11.2022,2022-11-01,month,41323.0,млрд руб.,0
money_supply,Структура денежной массы,20,Другие депозиты других финансовых организаций,01.11.2022,2022-11-01,month,2590.3,млрд руб.,0
money_supply,Структура денежной массы,21,Другие депозиты нефинансовых организаций,01.11.2022,2022-11-01,month,12207.0,млрд руб.,0
money_supply,Структура денежной массы,22,Другие депозиты домашних хозяйств,01.11.2022,2022-11-01,month,19516.2,млрд руб.,0
fx_rate,Номинальные курсы иностранных валют к рублю (рублей за единицу иностранной валюты) (ежемесячные данные),98,Доллара США к рублю на конец периода,Ноябрь 2022,2022-12-01,month,61.0742,руб.,4
fx_rate,Номинальные курсы иностранных валют к рублю (рублей за единицу иностранной валюты) (ежемесячные данные),99,Евро к рублю на конец периода,Ноябрь 2022,2022-12-01,month,63.3882,руб.,4
fx_rate,Номинальные курсы иностранных валют к рублю (рублей за единицу иностранной валюты) (ежемесячные данные),100,Юаня к рублю на конец периода,Ноябрь 2022,2022-12-01,month,,руб.,4
money_supply,Структура денежной массы,12,Всего,01.12.2022,2022-12-01,month,76872.2,млрд руб.,0
money_supply,Структура денежной массы,19,Денежный агрегат М1,01.12.2022,2022-12-01,month,41484.6,млрд руб.,0
money_supply,Структура денежной массы,20,Другие депозиты других финансовых организаций,01.12.2022,2022-12-01,month,2650.2,млрд руб.,0
money_supply,Структура денежной массы,21,Другие депозиты нефинансовых организаций,01.12.2022,2022-12-01,month,13157.4,млрд руб.,0
money_supply,Структура денежной массы,22,Другие депозиты домашних хозяйств,01.12.2022,2022-12-01,month,19580.1,млрд руб.,0
fx_rate,Номинальные курсы иностранных валют к рублю (рублей за единицу иностранной валюты) (ежемесячные данные),98,Доллара США к рублю на конец периода,Декабрь 2022,2023-01-01,month,70.3375,руб.,4
fx_rate,Номинальные курсы иностранных валют к рублю (рублей за единицу иностранной валюты) (ежемесячные данные),99,Евро к рублю на конец периода,Декабрь 2022,2023-01-01,month,75.6553,руб.,4
fx_rate,Номинальные курсы иностранных валют к рублю (рублей за единицу иностранной валюты) (ежемесячные данные),100,Юаня к рублю на конец периода,Декабрь 2022,2023-01-01,month,,руб.,4
money_supply,Структура денежной массы,12,Всего,01.01.2023,2023-01-01,month,82388.0,млрд руб.,0
money_supply,Структура денежной массы,19,Денежный агрегат М1,01.01.2023,2023-01-01,month,44018.5,млрд руб.,0
money_supply,Структура денежной массы,20,Другие депозиты других финансовых организаций,01.01.2023,2023-01-01,month,2859.6,млрд руб.,0
money_supply,Структура денежной массы,21,Другие депозиты нефинансовых организаций,01.01.2023,2023-01-01,month,15233.2,млрд руб.,0
money_supply,Структура денежной массы,22,Другие депозиты домашних хозяйств,01.01.2023,2023-01-01,month,20276.7,млрд руб.,0
fx_rate,Номинальные курсы иностранных валют к рублю (рублей за единицу иностранной валюты) (ежемесячные данные),98,Доллара США к рублю на конец периода,Январь 2023,2023-02-01,month,69.5927,руб.,4
fx_rate,Номинальные курсы иностранных валют к рублю (рублей за единицу иностранной валюты) (ежемесячные данные),99,Евро к рублю на конец периода,Январь 2023,2023-02-01,month,75.7799,руб.,4
fx_rate,Номинальные курсы иностранных валют к рублю (рублей за единицу иностранной валюты) (ежемесячные данные),100,Юаня к рублю на конец периода,Январь 2023,2023-02-01,month,10.3077,руб.,4
money_supply,Структура денежной массы,12,Всего,01.02.2023,2023-02-01,month,82221.7,млрд руб.,0
money_supply,Структура денежной массы,19,Денежный агрегат М1,01.02.2023,2023-02-01,month,44964.6,млрд руб.,0
money_supply,Структура денежной массы,20,Другие депозиты других финансовых организаций,01.02.2023,2023-02-01,month,3114.6,млрд руб.,0
money_supply,Структура денежной массы,21,Другие депозиты нефинансовых организаций,01.02.2023,2023-02-01,month,13729.9,млрд руб.,0
money_supply,Структура денежной массы,22,Другие депозиты домашних хозяйств,01.02.2023,2023-02-01,month,20412.6,млрд руб.,0
fx_rate,Номинальные курсы иностранных валют к рублю (рублей за единицу иностранной валюты) (ежемесячные данные),98,Доллара США к рублю на конец периода,Февраль 2023,2023-03-01,month,75.4323,руб.,4
fx_rate,Номинальные курсы иностранных валют к рублю (рублей за единицу иностранной валюты) (ежемесячные данные),99,Евро к рублю на конец периода,Февраль 2023,2023-03-01,month,79.623,руб.,4
fx_rate,Номинальные курсы иностранных валют к рублю (рублей за единицу иностранной валюты) (ежемесячные данные),100,Юаня к рублю на конец периода,Февраль 2023,2023-03-01,month,10.7928,руб.,4
money_supply,Структура денежной массы,12,Всего,01.03.2023,2023-03-01,month,83955.9,млрд руб.,0
money_supply,Структура денежной массы,19,Денежный агрегат М1,01.03.2023,2023-03-01,month,45621.0,млрд руб.,0
money_supply,Структура денежной массы,20,Другие депозиты других финансовых организаций,01.03.2023,2023-03-01,month,3430.1,млрд руб.,0
money_supply,Структура денежной массы,21,Другие депозиты нефинансовых организаций,01.03.2023,2023-03-01,month,14302.5,млрд руб.,0
money_supply,Структура денежной массы,22,Другие депозиты домашних хозяйств,01.03.2023,2023-03-01,month,20602.3,млрд руб.,0
fx_rate,Номинальные курсы иностранных валют к рублю (рублей за единицу иностранной валюты) (ежемесячные данные),98,Доллара США к рублю на конец периода,Март 2023,2023-04-01,month,77.0863,руб.,4
fx_rate,Номинальные курсы иностранных валют к рублю (рублей за единицу иностранной валюты) (ежемесячные данные),99,Евро к рублю на конец периода,Март 2023,2023-04-01,month,83.7639,руб.,4
fx_rate,Номинальные курсы иностранных валют к рублю (рублей за единицу иностранной валюты) (ежемесячные данные),100,Юаня к рублю на конец периода,Март 2023,2023-04-01,month,11.1847,руб.,4
money_supply,Структура денежной массы,12,Всего,01.04.2023,2023-04-01,month,84813.1,млрд руб.,0
money_supply,Структура денежной массы,19,Денежный агрегат М1,01.04.2023,2023-04-01,month,45350.3,млрд руб.,0
money_supply,Структура денежной массы,20,Другие депозиты других финансовых организаций,01.04.2023,2023-04-01,month,4022.7,млрд руб.,0
money_supply,Структура денежной массы,21,Другие депозиты нефинансовых организаций,01.04.2023,2023-04-01,month,14638.5,млрд руб.,0
money_supply,Структура денежной массы,22,Другие депозиты домашних хозяйств,01.04.2023,2023-04-01,month,20801.7,млрд руб.,0
fx_rate,Номинальные курсы иностранных валют к рублю (рублей за единицу иностранной валюты) (ежемесячные данные),98,Доллара США к рублю на конец периода,Апрель 2023,2023-05-01,month,80.5093,руб.,4
fx_rate,Номинальные курсы иностранных валют к рублю (рублей за единицу иностранной валюты) (ежемесячные данные),99,Евро к рублю на конец периода,Апрель 2023,2023-05-01,month,88.3712,руб.,4
fx_rate,Номинальные курсы иностранных валют к рублю (рублей за единицу иностранной валюты) (ежемесячные данные),100,Юаня к рублю на конец периода,Апрель 2023,2023-05-01,month,11.5659,руб.,4
money_supply,Структура денежной массы,12,Всего,01.05.2023,2023-05-01,month,84636.0,млрд руб.,0
money_supply,Структура денежной массы,19,Денежный агрегат М1,01.05.2023,2023-05-01,month,45758.8,млрд руб.,0
money_supply,Структура денежной массы,20,Другие депозиты других финансовых организаций,01.05.2023,2023-05-01,month,3313.9,млрд руб.,0
money_supply,Структура денежной массы,21,Другие депозиты нефинансовых организаций,01.05.2023,2023-05-01,month,14369.1,млрд руб.,0
money_supply,Структура денежной массы,22,Другие депозиты домашних хозяйств,01.05.2023,2023-05-01,month,21194.1,млрд руб.,0
fx_rate,Номинальные курсы иностранных валют к рублю (рублей за единицу иностранной валюты) (ежемесячные данные),98,Доллара США к рублю на конец периода,Май 2023,2023-06-01,month,80.6872,руб.,4
fx_rate,Номинальные курсы иностранных валют к рублю (рублей за единицу иностранной валюты) (ежемесячные данные),99,Евро к рублю на конец периода,Май 2023,2023-06-01,month,86.5119,руб.,4
fx_rate,Номинальные курсы иностранных валют к рублю (рублей за единицу иностранной валюты) (ежемесячные данные),100,Юаня к рублю на конец периода,Май 2023,2023-06-01,month,11.3615,руб.,4
money_supply,Структура денежной массы,12,Всего,01.06.2023,2023-06-01,month,86197.3,млрд руб.,0
money_supply,Структура денежной массы,19,Денежный агрегат М1,01.06.2023,2023-06-01,month,47519.4,млрд руб.,0
money_supply,Структура денежной массы,20,Другие депозиты других финансовых организаций,01.06.2023,2023-06-01,month,3097.7,млрд руб.,0
money_supply,Структура денежной массы,21,Другие депозиты нефинансовых организаций,01.06.2023,2023-06-01,month,14231.3,млрд руб.,0
money_supply,Структура денежной массы,22,Другие депозиты домашних хозяйств,01.06.2023,2023-06-01,month,21349.0,млрд руб.,0
fx_rate,Номинальные курсы иностранных валют к рублю (рублей за единицу иностранной валюты) (ежемесячные данные),98,Доллара США к рублю на конец периода,Июнь 2023,2023-07-01,month,87.0341,руб.,4
fx_rate,Номинальные курсы иностранных валют к рублю (рублей за единицу иностранной валюты) (ежемесячные данные),99,Евро к рублю на конец периода,Июнь 2023,2023-07-01,month,95.1052,руб.,4
fx_rate,Номинальные курсы иностранных валют к рублю (рублей за единицу иностранной валюты) (ежемесячные данные),100,Юаня к рублю на конец периода,Июнь 2023,2023-07-01,month,11.9894,руб.,4
money_supply,Структура денежной массы,12,Всего,01.07.2023,2023-07-01,month,87276.8,млрд руб.,0
money_supply,Структура денежной массы,19,Денежный агрегат М1,01.07.2023,2023-07-01,month,48447.6,млрд руб.,0
money_supply,Структура денежной массы,20,Другие депозиты других финансовых организаций,01.07.2023,2023-07-01,month,3268.2,млрд руб.,0
money_supply,Структура денежной массы,21,Другие депозиты нефинансовых организаций,01.07.2023,2023-07-01,month,14129.1,млрд руб.,0
money_supply,Структура денежной массы,22,Другие депозиты домашних хозяйств,01.07.2023,2023-07-01,month,21432.0,млрд руб.,0
fx_rate,Номинальные курсы иностранных валют к рублю (рублей за единицу иностранной валюты) (ежемесячные данные),98,Доллара США к рублю на конец периода,Июль 2023,2023-08-01,month,90.9783,руб.,4
fx_rate,Номинальные курсы иностранных валют к рублю (рублей за единицу иностранной валюты) (ежемесячные данные),99,Евро к рублю на конец периода,Июль 2023,2023-08-01,month,99.9586,руб.,4
fx_rate,Номинальные курсы иностранных валют к рублю (рублей за единицу иностранной валюты) (ежемесячные данные),100,Юаня к рублю на конец периода,Июль 2023,2023-08-01,month,12.6891,руб.,4
money_supply,Структура денежной массы,12,Всего,01.08.2023,2023-08-01,month,88294.0,млрд руб.,0
money_supply,Структура денежной массы,19,Денежный агрегат М1,01.08.2023,2023-08-01,month,49517.1,млрд руб.,0
money_supply,Структура денежной массы,20,Другие депозиты других финансовых организаций,01.08.2023,2023-08-01,month,3275.6,млрд руб.,0
money_supply,Структура денежной массы,21,Другие депозиты нефинансовых организаций,01.08.2023,2023-08-01,month,13955.8,млрд руб.,0
money_supply,Структура денежной массы,22,Другие депозиты домашних хозяйств,01.08.2023,2023-08-01,month,21545.6,млрд руб.,0
fx_rate,Номинальные курсы иностранных валют к рублю (рублей за единицу иностранной валюты) (ежемесячные данные),98,Доллара США к рублю на конец периода,Август 2023,2023-09-01,month,95.9283,руб.,4
fx_rate,Номинальные курсы иностранных валют к рублю (рублей за единицу иностранной валюты) (ежемесячные данные),99,Евро к рублю на конец периода,Август 2023,2023-09-01,month,104.4496,руб.,4
fx_rate,Номинальные курсы иностранных валют к рублю (рублей за единицу иностранной валюты) (ежемесячные данные),100,Юаня к рублю на конец периода,Август 2023,2023-09-01,month,13.1311,руб.,4
money_supply,Структура денежной массы,12,Всего,01.09.2023,2023-09-01,month,90110.9,млрд руб.,0
money_supply,Структура денежной массы,19,Денежный агрегат М1,01.09.2023,2023-09-01,month,49710.8,млрд руб.,0
money_supply,Структура денежной массы,20,Другие депозиты других финансовых организаций,01.09.2023,2023-09-01,month,3378.5,млрд руб.,0
money_supply,Структура денежной массы,21,Другие депозиты нефинансовых организаций,01.09.2023,2023-09-01,month,14542.7,млрд руб.,0
money_supply,Структура денежной массы,22,Другие депозиты домашних хозяйств,01.09.2023,2023-09-01,month,22478.9,млрд руб.,0
fx_rate,Номинальные курсы иностранных валют к рублю (рублей за единицу иностранной валюты) (ежемесячные данные),98,Доллара США к рублю на конец периода,Сентябрь 2023,2023-10-01,month,97.4147,руб.,4
fx_rate,Номинальные курсы иностранных валют к рублю (рублей за единицу иностранной валюты) (ежемесячные данные),99,Евро к рублю на конец периода,Сентябрь 2023,2023-10-01,month,103.1631,руб.,4
fx_rate,Номинальные курсы иностранных валют к рублю (рублей за единицу иностранной валюты) (ежемесячные данные),100,Юаня к рублю на конец периода,Сентябрь 2023,2023-10-01,month,13.3587,руб.,4
money_supply,Структура денежной массы,12,Всего,01.10.2023,2023-10-01,month,90597.3,млрд руб.,0
money_supply,Структура денежной массы,19,Денежный агрегат М1,01.10.2023,2023-10-01,month,48984.6,млрд руб.,0
money_supply,Структура денежной массы,20,Другие депозиты других финансовых организаций,01.10.2023,2023-10-01,month,3268.0,млрд руб.,0
money_supply,Структура денежной массы,21,Другие депозиты нефинансовых организаций,01.10.2023,2023-10-01,month,14834.6,млрд руб.,0
money_supply,Структура денежной массы,22,Другие депозиты домашних хозяйств,01.10.2023,2023-10-01,month,23510.2,млрд руб.,0
fx_rate,Номинальные курсы иностранных валют к рублю (рублей за единицу иностранной валюты) (ежемесячные данные),98,Доллара США к рублю на конец периода,Октябрь 2023,2023-11-01,month,93.2435,руб.,4
fx_rate,Номинальные курсы иностранных валют к рублю (рублей за единицу иностранной валюты) (ежемесячные данные),99,Евро к рублю на конец периода,Октябрь 2023,2023-11-01,month,98.6164,руб.,4
fx_rate,Номинальные курсы иностранных валют к рублю (рублей за единицу иностранной валюты) (ежемесячные данные),100,Юаня к рублю на конец периода,Октябрь 2023,2023-11-01,month,12.7071,руб.,4
money_supply,Структура денежной массы,12,Всего,01.11.2023,2023-11-01,month,91134.7,млрд руб.,0
money_supply,Структура денежной массы,19,Денежный агрегат М1,01.11.2023,2023-11-01,month,48630.0,млрд руб.,0
money_supply,Структура денежной массы,20,Другие депозиты других финансовых организаций,01.11.2023,2023-11-01,month,3366.7,млрд руб.,0
money_supply,Структура денежной массы,21,Другие депозиты нефинансовых организаций,01.11.2023,2023-11-01,month,14658.3,млрд руб.,0
money_supply,Структура денежной массы,22,Другие депозиты домашних хозяйств,01.11.2023,2023-11-01,month,24479.7,млрд руб.,0
fx_rate,Номинальные курсы иностранных валют к рублю (рублей за единицу иностранной валюты) (ежемесячные данные),98,Доллара США к рублю на конец периода,Ноябрь 2023,2023-12-01,month,88.8841,руб.,4
fx_rate,Номинальные курсы иностранных валют к рублю (рублей за единицу иностранной валюты) (ежемесячные данные),99,Евро к рублю на конец периода,Ноябрь 2023,2023-12-01,month,97.6503,руб.,4
fx_rate,Номинальные курсы иностранных валют к рублю (рублей за единицу иностранной валюты) (ежемесячные данные),100,Юаня к рублю на конец периода,Ноябрь 2023,2023-12-01,month,12.4527,руб.,4
money_supply,Структура денежной массы,12,Всего,01.12.2023,2023-12-01,month,92546.9,млрд руб.,0
money_supply,Структура денежной массы,19,Денежный агрегат М1,01.12.2023,2023-12-01,month,47883.4,млрд руб.,0
money_supply,Структура денежной массы,20,Другие депозиты других финансовых организаций,01.12.2023,2023-12-01,month,3610.3,млрд руб.,0
money_supply,Структура денежной массы,21,Другие депозиты нефинансовых организаций,01.12.2023,2023-12-01,month,15198.1,млрд руб.,0
money_supply,Структура денежной массы,22,Другие депозиты домашних хозяйств,01.12.2023,2023-12-01,month,25855.1,млрд руб.,0
fx_rate,Номинальные курсы иностранных валют к рублю (рублей за единицу иностранной валюты) (ежемесячные данные),98,Доллара США к рублю на конец периода,Декабрь 2023,2024-01-01,month,89.6883,руб.,4
fx_rate,Номинальные курсы иностранных валют к рублю (рублей за единицу иностранной валюты) (ежемесячные данные),99,Евро к рублю на конец периода,Декабрь 2023,2024-01-01,month,99.1919,руб.,4
fx_rate,Номинальные курсы иностранных валют к рублю (рублей за единицу иностранной валюты) (ежемесячные данные),100,Юаня к рублю на конец периода,Декабрь 2023,2024-01-01,month,12.5762,руб.,4
money_supply,Структура денежной массы,12,Всего,01.01.2024,2024-01-01,month,98385.4,млрд руб.,0
money_supply,Структура денежной массы,19,Денежный агрегат М1,01.01.2024,2024-01-01,month,49685.7,млрд руб.,0
money_supply,Структура денежной массы,20,Другие депозиты других финансовых организаций,01.01.2024,2024-01-01,month,3783.2,млрд руб.,0
money_supply,Структура денежной массы,21,Другие депозиты нефинансовых организаций,01.01.2024,2024-01-01,month,17530.7,млрд руб.,0
money_supply,Структура денежной массы,22,Другие депозиты домашних хозяйств,01.01.2024,2024-01-01,month,27385.8,млрд руб.,0
fx_rate,Номинальные курсы иностранных валют к рублю (рублей за единицу иностранной валюты) (ежемесячные данные),98,Доллара США к рублю на конец периода,Январь 2024,2024-02-01,month,89.2887,руб.,4
fx_rate,Номинальные курсы иностранных валют к рублю (рублей за единицу иностранной валюты) (ежемесячные данные),99,Евро к рублю на конец периода,Январь 2024,2024-02-01,month,96.7895,руб.,4
fx_rate,Номинальные курсы иностранных валют к рублю (рублей за единицу иностранной валюты) (ежемесячные данные),100,Юаня к рублю на конец периода,Январь 2024,2024-02-01,month,12.4066,руб.,4
money_supply,Структура денежной массы,12,Всего,01.02.2024,2024-02-01,month,97816.7,млрд руб.,0
money_supply,Структура денежной массы,19,Денежный агрегат М1,01.02.2024,2024-02-01,month,48595.1,млрд руб.,0
money_supply,Структура денежной массы,20,Другие депозиты других финансовых организаций,01.02.2024,2024-02-01,month,4151.0,млрд руб.,0
money_supply,Структура денежной массы,21,Другие депозиты нефинансовых организаций,01.02.2024,2024-02-01,month,17027.6,млрд руб.,0
money_supply,Структура денежной массы,22,Другие депозиты домашних хозяйств,01.02.2024,2024-02-01,month,28042.9,млрд руб.,0
fx_rate,Номинальные курсы иностранных валют к рублю (рублей за единицу иностранной валюты) (ежемесячные данные),98,Доллара США к рублю на конец периода,Февраль 2024,2024-03-01,month,91.8692,руб.,4
fx_rate,Номинальные курсы иностранных валют к рублю (рублей за единицу иностранной валюты) (ежемесячные данные),99,Евро к рублю на конец периода,Февраль 2024,2024-03-01,month,99.45,руб.,4
fx_rate,Номинальные курсы иностранных валют к рублю (рублей за единицу иностранной валюты) (ежемесячные данные),100,Юаня к рублю на конец периода,Февраль 2024,2024-03-01,month,12.7085,руб.,4
money_supply,Структура денежной массы,12,Всего,01.03.2024,2024-03-01,month,99422.0,млрд руб.,0
money_supply,Структура денежной массы,19,Денежный агрегат М1,01.03.2024,2024-03-01,month,49368.8,млрд руб.,0
money_supply,Структура денежной массы,20,Другие депозиты других финансовых организаций,01.03.2024,2024-03-01,month,4342.7,млрд руб.,0
money_supply,Структура денежной массы,21,Другие депозиты нефинансовых организаций,01.03.2024,2024-03-01,month,17095.6,млрд руб.,0
money_supply,Структура денежной массы,22,Другие депозиты домашних хозяйств,01.03.2024,2024-03-01,month,28615.0,млрд руб.,0
fx_rate,Номинальные курсы иностранных валют к рублю (рублей за единицу иностранной валюты) (ежемесячные данные),98,Доллара США к рублю на конец периода,Март 2024,2024-04-01,month,92.366,руб.,4
fx_rate,Номинальные курсы иностранных валют к рублю (рублей за единицу иностранной валюты) (ежемесячные данные),99,Евро к рублю на конец периода,Март 2024,2024-04-01,month,99.5299,руб.,4
fx_rate,Номинальные курсы иностранных валют к рублю (рублей за единицу иностранной валюты) (ежемесячные данные),100,Юаня к рублю на конец периода,Март 2024,2024-04-01,month,12.671,руб.,4
money_supply,Структура денежной массы,12,Всего,01.04.2024,2024-04-01,month,99595.8,млрд руб.,0
money_supply,Структура денежной массы,19,Денежный агрегат М1,01.04.2024,2024-04-01,month,49338.0,млрд руб.,0
money_supply,Структура денежной массы,20,Другие депозиты других финансовых организаций,01.04.2024,2024-04-01,month,4304.5,млрд руб.,0
money_supply,Структура денежной массы,21,Другие депозиты нефинансовых организаций,01.04.2024,2024-04-01,month,16558.7,млрд руб.,0
money_supply,Структура денежной массы,22,Другие депозиты домашних хозяйств,01.04.2024,2024-04-01,month,29394.6,млрд руб.,0
fx_rate,Номинальные курсы иностранных валют к рублю (рублей за единицу иностранной валюты) (ежемесячные данные),98,Доллара США к рублю на конец периода,Апрель 2024,2024-05-01,month,91.7791,руб.,4
fx_rate,Номинальные курсы иностранных валют к рублю (рублей за единицу иностранной валюты) (ежемесячные данные),99,Евро к рублю на конец периода,Апрель 2024,2024-05-01,month,98.027,руб.,4
fx_rate,Номинальные курсы иностранных валют к рублю (рублей за единицу иностранной валюты) (ежемесячные данные),100,Юаня к рублю на конец периода,Апрель 2024,2024-05-01,month,12.5657,руб.,4
money_supply,Структура денежной массы,12,Всего,01.05.2024,2024-05-01,month,103107.4,млрд руб.,0
money_supply,Структура денежной массы,19,Денежный агрегат М1,01.05.2024,2024-05-01,month,50119.4,млрд руб.,0
money_supply,Структура денежной массы,20,Другие депозиты других финансовых организаций,01.05.2024,2024-05-01,month,4200.2,млрд руб.,0
money_supply,Структура денежной массы,21,Другие депозиты нефинансовых организаций,01.05.2024,2024-05-01,month,18452.4,млрд руб.,0
money_supply,Структура денежной массы,22,Другие депозиты домашних хозяйств,01.05.2024,2024-05-01,month,30335.4,млрд руб.,0
fx_rate,Номинальные курсы иностранных валют к рублю (рублей за единицу иностранной валюты) (ежемесячные данные),98,Доллара США к рублю на конец периода,Май 2024,2024-06-01,month,89.7869,руб.,4
fx_rate,Номинальные курсы иностранных валют к рублю (рублей за единицу иностранной валюты) (ежемесячные данные),99,Евро к рублю на конец периода,Май 2024,2024-06-01,month,97.1347,руб.,4
fx_rate,Номинальные курсы иностранных валют к рублю (рублей за единицу иностранной валюты) (ежемесячные данные),100,Юаня к рублю на конец периода,Май 2024,2024-06-01,month,12.365,руб.,4
money_supply,Структура денежной массы,12,Всего,01.06.2024,2024-06-01,month,102519.1,млрд руб.,0
money_supply,Структура денежной массы,19,Денежный агрегат М1,01.06.2024,2024-06-01,month,49987.1,млрд руб.,0
money_supply,Структура денежной массы,20,Другие депозиты других финансовых организаций,01.06.2024,2024-06-01,month,4558.7,млрд руб.,0
money_supply,Структура денежной массы,21,Другие депозиты нефинансовых организаций,01.06.2024,2024-06-01,month,17008.3,млрд руб.,0
money_supply,Структура денежной массы,22,Другие депозиты домашних хозяйств,01.06.2024,2024-06-01,month,30965.0,млрд руб.,0
fx_rate,Номинальные курсы иностранных валют к рублю (рублей за единицу иностранной валюты) (ежемесячные данные),98,Доллара США к рублю на конец периода,Июнь 2024,2024-07-01,month,85.748,руб.,4
fx_rate,Номинальные курсы иностранных валют к рублю (рублей за единицу иностранной валюты) (ежемесячные данные),99,Евро к рублю на конец периода,Июнь 2024,2024-07-01,month,92.4184,руб.,4
fx_rate,Номинальные курсы иностранных валют к рублю (рублей за единицу иностранной валюты) (ежемесячные данные),100,Юаня к рублю на конец периода,Июнь 2024,2024-07-01,month,11.5756,руб.,4
money_supply,Структура денежной массы,12,Всего,01.07.2024,2024-07-01,month,103557.2,млрд руб.,0
money_supply,Структура денежной массы,19,Денежный агрегат М1,01.07.2024,2024-07-01,month,50276.5,млрд руб.,0
money_supply,Структура денежной массы,20,Другие депозиты других финансовых организаций,01.07.2024,2024-07-01,month,4531.8,млрд руб.,0
money_supply,Структура денежной массы,21,Другие депозиты нефинансовых организаций,01.07.2024,2024-07-01,month,17091.5,млрд руб.,0
money_supply,Структура денежной массы,22,Другие депозиты домашних хозяйств,01.07.2024,2024-07-01,month,31657.4,млрд руб.,0
fx_rate,Номинальные курсы иностранных валют к рублю (рублей за единицу иностранной валюты) (ежемесячные данные),98,Доллара США к рублю на конец периода,Июль 2024,2024-08-01,month,86.33,руб.,4
fx_rate,Номинальные курсы иностранных валют к рублю (рублей за единицу иностранной валюты) (ежемесячные данные),99,Евро к рублю на конец периода,Июль 2024,2024-08-01,month,93.2947,руб.,4
fx_rate,Номинальные курсы иностранных валют к рублю (рублей за единицу иностранной валюты) (ежемесячные данные),100,Юаня к рублю на конец периода,Июль 2024,2024-08-01,month,11.8368,руб.,4
money_supply,Структура денежной массы,12,Всего,01.08.2024,2024-08-01,month,104351.3,млрд руб.,0
money_supply,Структура денежной массы,19,Денежный агрегат М1,01.08.2024,2024-08-01,month,51098.3,млрд руб.,0
money_supply,Структура денежной массы,20,Другие депозиты других финансовых организаций,01.08.2024,2024-08-01,month,4443.9,млрд руб.,0
money_supply,Структура денежной массы,21,Другие депозиты нефинансовых организаций,01.08.2024,2024-08-01,month,16851.6,млрд руб.,0
money_supply,Структура денежной массы,22,Другие депозиты домашних хозяйств,01.08.2024,2024-08-01,month,31957.5,млрд руб.,0
fx_rate,Номинальные курсы иностранных валют к рублю (рублей за единицу иностранной валюты) (ежемесячные данные),98,Доллара США к рублю на конец периода,Август 2024,2024-09-01,month,91.1868,руб.,4
fx_rate,Номинальные курсы иностранных валют к рублю (рублей за единицу иностранной валюты) (ежемесячные данные),99,Евро к рублю на конец периода,Август 2024,2024-09-01,month,100.7622,руб.,4
fx_rate,Номинальные курсы иностранных валют к рублю (рублей за единицу иностранной валюты) (ежемесячные данные),100,Юаня к рублю на конец периода,Август 2024,2024-09-01,month,12.0151,руб.,4
money_supply,Структура денежной массы,12,Всего,01.09.2024,2024-09-01,month,106242.7,млрд руб.,0
money_supply,Структура денежной массы,19,Денежный агрегат М1,01.09.2024,2024-09-01,month,50596.4,млрд руб.,0
money_supply,Структура денежной массы,20,Другие депозиты других финансовых организаций,01.09.2024,2024-09-01,month,4899.0,млрд руб.,0
money_supply,Структура денежной массы,21,Другие депозиты нефинансовых организаций,01.09.2024,2024-09-01,month,17709.0,млрд руб.,0
money_supply,Структура денежной массы,22,Другие депозиты домашних хозяйств,01.09.2024,2024-09-01,month,33038.2,млрд руб.,0
fx_rate,Номинальные курсы иностранных валют к рублю (рублей за единицу иностранной валюты) (ежемесячные данные),98,Доллара США к рублю на конец периода,Сентябрь 2024,2024-10-01,month,92.7126,руб.,4
fx_rate,Номинальные курсы иностранных валют к рублю (рублей за единицу иностранной валюты) (ежемесячные данные),99,Евро к рублю на конец периода,Сентябрь 2024,2024-10-01,month,103.4694,руб.,4
fx_rate,Номинальные курсы иностранных валют к рублю (рублей за единицу иностранной валюты) (ежемесячные данные),100,Юаня к рублю на конец периода,Сентябрь 2024,2024-10-01,month,13.2163,руб.,4
money_supply,Структура денежной массы,12,Всего,01.10.2024,2024-10-01,month,107634.8,млрд руб.,0
money_supply,Структура денежной массы,19,Денежный агрегат М1,01.10.2024,2024-10-01,month,50831.7,млрд руб.,0
money_supply,Структура денежной массы,20,Другие депозиты других финансовых организаций,01.10.2024,2024-10-01,month,5048.2,млрд руб.,0
money_supply,Структура денежной массы,21,Другие депозиты нефинансовых организаций,01.10.2024,2024-10-01,month,17818.4,млрд руб.,0
money_supply,Структура денежной массы,22,Другие депозиты домашних хозяйств,01.10.2024,2024-10-01,month,33936.5,млрд руб.,0
fx_rate,Номинальные курсы иностранных валют к рублю (рублей за единицу иностранной валюты) (ежемесячные данные),98,Доллара США к рублю на конец периода,Октябрь 2024,2024-11-01,month,97.053,руб.,4
fx_rate,Номинальные курсы иностранных валют к рублю (рублей за единицу иностранной валюты) (ежемесячные данные),99,Евро к рублю на конец периода,Октябрь 2024,2024-11-01,month,105.2211,руб.,4
fx_rate,Номинальные курсы иностранных валют к рублю (рублей за единицу иностранной валюты) (ежемесячные данные),100,Юаня к рублю на конец периода,Октябрь 2024,2024-11-01,month,13.5876,руб.,4
money_supply,Структура денежной массы,12,Всего,01.11.2024,2024-11-01,month,108947.9,млрд руб.,0
money_supply,Структура денежной массы,19,Денежный агрегат М1,01.11.2024,2024-11-01,month,49591.9,млрд руб.,0
money_supply,Структура денежной массы,20,Другие депозиты других финансовых организаций,01.11.2024,2024-11-01,month,5284.9,млрд руб.,0
money_supply,Структура денежной массы,21,Другие депозиты нефинансовых организаций,01.11.2024,2024-11-01,month,18536.3,млрд руб.,0
money_supply,Структура денежной массы,22,Другие депозиты домашних хозяйств,01.11.2024,2024-11-01,month,35534.7,млрд руб.,0
fx_rate,Номинальные курсы иностранных валют к рублю (рублей за единицу иностранной валюты) (ежемесячные данные),98,Доллара США к рублю на конец периода,Ноябрь 2024,2024-12-01,month,107.7409,руб.,4
fx_rate,Номинальные курсы иностранных валют к рублю (рублей за единицу иностранной валюты) (ежемесячные данные),99,Евро к рублю на конец периода,Ноябрь 2024,2024-12-01,month,114.3149,руб.,4
fx_rate,Номинальные курсы иностранных валют к рублю (рублей за единицу иностранной валюты) (ежемесячные данные),100,Юаня к рублю на конец периода,Ноябрь 2024,2024-12-01,month,14.7233,руб.,4
money_supply,Структура денежной массы,12,Всего,01.12.2024,2024-12-01,month,111025.2,млрд руб.,0
money_supply,Структура денежной массы,19,Денежный агрегат М1,01.12.2024,2024-12-01,month,48529.8,млрд руб.,0
money_supply,Структура денежной массы,20,Другие депозиты других финансовых организаций,01.12.2024,2024-12-01,month,5928.9,млрд руб.,0
money_supply,Структура денежной массы,21,Другие депозиты нефинансовых организаций,01.12.2024,2024-12-01,month,19420.4,млрд руб.,0
money_supply,Структура денежной массы,22,Другие депозиты домашних хозяйств,01.12.2024,2024-12-01,month,37146.1,млрд руб.,0
fx_rate,Номинальные курсы иностранных валют к рублю (рублей за единицу иностранной валюты) (ежемесячные данные),98,Доллара США к рублю на конец периода,Декабрь 2024,2025-01-01,month,101.6797,руб.,4
fx_rate,Номинальные курсы иностранных валют к рублю (рублей за единицу иностранной валюты) (ежемесячные данные),99,Евро к рублю на конец периода,Декабрь 2024,2025-01-01,month,106.1028,руб.,4
fx_rate,Номинальные курсы иностранных валют к рублю (рублей за единицу иностранной валюты) (ежемесячные данные),100,Юаня к рублю на конец периода,Декабрь 2024,2025-01-01,month,13.4272,руб.,4
money_supply,Структура денежной массы,12,Всего,01.01.2025,2025-01-01,month,117256.4,млрд руб.,0
money_supply,Структура денежной массы,19,Денежный агрегат М1,01.01.2025,2025-01-01,month,51715.5,млрд руб.,0
money_supply,Структура денежной массы,20,Другие депозиты других финансовых организаций,01.01.2025,2025-01-01,month,5856.7,млрд руб.,0
money_supply,Структура денежной массы,21,Другие депозиты нефинансовых организаций,01.01.2025,2025-01-01,month,20300.2,млрд руб.,0
money_supply,Структура денежной массы,22,Другие депозиты домашних хозяйств,01.01.2025,2025-01-01,month,39384.0,млрд руб.,0
fx_rate,Номинальные курсы иностранных валют к рублю (рублей за единицу иностранной валюты) (ежемесячные данные),98,Доллара США к рублю на конец периода,Январь 2025,2025-02-01,month,98.0062,руб.,4
fx_rate,Номинальные курсы иностранных валют к рублю (рублей за единицу иностранной валюты) (ежемесячные данные),99,Евро к рублю на конец периода,Январь 2025,2025-02-01,month,102.7782,руб.,4
fx_rate,Номинальные курсы иностранных валют к рублю (рублей за единицу иностранной валюты) (ежемесячные данные),100,Юаня к рублю на конец периода,Январь 2025,2025-02-01,month,13.3729,руб.,4
money_supply,Структура денежной массы,12,Всего,01.02.2025,2025-02-01,month,116577.8,млрд руб.,0
money_supply,Структура денежной массы,19,Денежный агрегат М1,01.02.2025,2025-02-01,month,51064.8,млрд руб.,0
money_supply,Структура денежной массы,20,Другие депозиты других финансовых организаций,01.02.2025,2025-02-01,month,5929.6,млрд руб.,0
money_supply,Структура денежной массы,21,Другие депозиты нефинансовых организаций,01.02.2025,2025-02-01,month,19595.9,млрд руб.,0
money_supply,Структура денежной массы,22,Другие депозиты домашних хозяйств,01.02.2025,2025-02-01,month,39987.5,млрд руб.,0
fx_rate,Номинальные курсы иностранных валют к рублю (рублей за единицу иностранной валюты) (ежемесячные данные),98,Доллара США к рублю на конец периода,Февраль 2025,2025-03-01,month,87.6967,руб.,4
fx_rate,Номинальные курсы иностранных валют к рублю (рублей за единицу иностранной валюты) (ежемесячные данные),99,Евро к рублю на конец периода,Февраль 2025,2025-03-01,month,92.0362,руб.,4
fx_rate,Номинальные курсы иностранных валют к рублю (рублей за единицу иностранной валюты) (ежемесячные данные),100,Юаня к рублю на конец периода,Февраль 2025,2025-03-01,month,11.9563,руб.,4
money_supply,Структура денежной массы,12,Всего,01.03.2025,2025-03-01,month,117697.6,млрд руб.,0
money_supply,Структура денежной массы,19,Денежный агрегат М1,01.03.2025,2025-03-01,month,51586.7,млрд руб.,0
money_supply,Структура денежной массы,20,Другие депозиты других финансовых организаций,01.03.2025,2025-03-01,month,5878.6,млрд руб.,0
money_supply,Структура денежной массы,21,Другие депозиты нефинансовых организаций,01.03.2025,2025-03-01,month,19427.0,млрд руб.,0
money_supply,Структура денежной массы,22,Другие депозиты домашних хозяйств,01.03.2025,2025-03-01,month,40805.3,млрд руб.,0
fx_rate,Номинальные курсы иностранных валют к рублю (рублей за единицу иностранной валюты) (ежемесячные данные),98,Доллара США к рублю на конец периода,Март 2025,2025-04-01,month,83.6813,руб.,4
fx_rate,Номинальные курсы иностранных валют к рублю (рублей за единицу иностранной валюты) (ежемесячные данные),99,Евро к рублю на конец периода,Март 2025,2025-04-01,month,89.6553,руб.,4
fx_rate,Номинальные курсы иностранных валют к рублю (рублей за единицу иностранной валюты) (ежемесячные данные),100,Юаня к рублю на конец периода,Март 2025,2025-04-01,month,11.4575,руб.,4
money_supply,Структура денежной массы,12,Всего,01.04.2025,2025-04-01,month,116499.0,млрд руб.,0
money_supply,Структура денежной массы,19,Денежный агрегат М1,01.04.2025,2025-04-01,month,51134.9,млрд руб.,0
money_supply,Структура денежной массы,20,Другие депозиты других финансовых организаций,01.04.2025,2025-04-01,month,5683.2,млрд руб.,0
money_supply,Структура денежной массы,21,Другие депозиты нефинансовых организаций,01.04.2025,2025-04-01,month,18228.3,млрд руб.,0
money_supply,Структура денежной массы,22,Другие депозиты домашних хозяйств,01.04.2025,2025-04-01,month,41452.6,млрд руб.,0
fx_rate,Номинальные курсы иностранных валют к рублю (рублей за единицу иностранной валюты) (ежемесячные данные),98,Доллара США к рублю на конец периода,Апрель 2025,2025-05-01,month,81.5616,руб.,4
fx_rate,Номинальные курсы иностранных валют к рублю (рублей за единицу иностранной валюты) (ежемесячные данные),99,Евро к рублю на конец периода,Апрель 2025,2025-05-01,month,93.173,руб.,4
fx_rate,Номинальные курсы иностранных валют к рублю (рублей за единицу иностранной валюты) (ежемесячные данные),100,Юаня к рублю на конец периода,Апрель 2025,2025-05-01,month,11.2016,руб.,4
money_supply,Структура денежной массы,12,Всего,01.05.2025,2025-05-01,month,117537.1,млрд руб.,0
money_supply,Структура денежной массы,19,Денежный агрегат М1,01.05.2025,2025-05-01,month,51031.1,млрд руб.,0
money_supply,Структура денежной массы,20,Другие депозиты других финансовых организаций,01.05.2025,2025-05-01,month,5495.5,млрд руб.,0
money_supply,Структура денежной массы,21,Другие депозиты нефинансовых организаций,01.05.2025,2025-05-01,month,18764.3,млрд руб.,0
money_supply,Структура денежной массы,22,Другие депозиты домашних хозяйств,01.05.2025,2025-05-01,month,42246.2,млрд руб.,0
fx_rate,Номинальные курсы иностранных валют к рублю (рублей за единицу иностранной валюты) (ежемесячные данные),98,Доллара США к рублю на конец периода,Май 2025,2025-06-01,month,78.6171,руб.,4
fx_rate,Номинальные курсы иностранных валют к рублю (рублей за единицу иностранной валюты) (ежемесячные данные),99,Евро к рублю на конец периода,Май 2025,2025-06-01,month,89.2512,руб.,4
fx_rate,Номинальные курсы иностранных валют к рублю (рублей за единицу иностранной валюты) (ежемесячные данные),100,Юаня к рублю на конец периода,Май 2025,2025-06-01,month,10.8897,руб.,4
money_supply,Структура денежной массы,12,Всего,01.06.2025,2025-06-01,month,118211.4,млрд руб.,0
money_supply,Структура денежной массы,19,Денежный агрегат М1,01.06.2025,2025-06-01,month,51381.9,млрд руб.,0
money_supply,Структура денежной массы,20,Другие депозиты других финансовых организаций,01.06.2025,2025-06-01,month,5554.5,млрд руб.,0
money_supply,Структура денежной массы,21,Другие депозиты нефинансовых организаций,01.06.2025,2025-06-01,month,18772.6,млрд руб.,0
money_supply,Структура денежной массы,22,Другие депозиты домашних хозяйств,01.06.2025,2025-06-01,month,42502.4,млрд руб.,0
fx_rate,Номинальные курсы иностранных валют к рублю (рублей за единицу иностранной валюты) (ежемесячные данные),98,Доллара США к рублю на конец периода,Июнь 2025,2025-07-01,month,78.4685,руб.,4
fx_rate,Номинальные курсы иностранных валют к рублю (рублей за единицу иностранной валюты) (ежемесячные данные),99,Евро к рублю на конец периода,Июнь 2025,2025-07-01,month,92.2785,руб.,4
fx_rate,Номинальные курсы иностранных валют к рублю (рублей за единицу иностранной валюты) (ежемесячные данные),100,Юаня к рублю на конец периода,Июнь 2025,2025-07-01,month,10.9433,руб.,4
money_supply,Структура денежной массы,12,Всего,01.07.2025,2025-07-01,month,119088.7,млрд руб.,0
money_supply,Структура денежной массы,19,Денежный агрегат М1,01.07.2025,2025-07-01,month,52411.4,млрд руб.,0
money_supply,Структура денежной массы,20,Другие депозиты других финансовых организаций,01.07.2025,2025-07-01,month,5649.3,млрд руб.,0
money_supply,Структура денежной массы,21,Другие депозиты нефинансовых организаций,01.07.2025,2025-07-01,month,18253.9,млрд руб.,0
money_supply,Структура денежной массы,22,Другие депозиты домашних хозяйств,01.07.2025,2025-07-01,month,42774.0,млрд руб.,0
fx_rate,Номинальные курсы иностранных валют к рублю (рублей за единицу иностранной валюты) (ежемесячные данные),98,Доллара США к рублю на конец периода,Июль 2025,2025-08-01,month,81.8347,руб.,4
fx_rate,Номинальные курсы иностранных валют к рублю (рублей за единицу иностранной валюты) (ежемесячные данные),99,Евро к рублю на конец периода,Июль 2025,2025-08-01,month,94.9514,руб.,4
fx_rate,Номинальные курсы иностранных валют к рублю (рублей за единицу иностранной валюты) (ежемесячные данные),100,Юаня к рублю на конец периода,Июль 2025,2025-08-01,month,11.3683,руб.,4
money_supply,Структура денежной массы,12,Всего,01.08.2025,2025-08-01,month,120037.2,млрд руб.,0
money_supply,Структура денежной массы,19,Денежный агрегат М1,01.08.2025,2025-08-01,month,52536.1,млрд руб.,0
money_supply,Структура денежной массы,20,Другие депозиты других финансовых организаций,01.08.2025,2025-08-01,month,5685.6,млрд руб.,0
money_supply,Структура денежной массы,21,Другие депозиты нефинансовых организаций,01.08.2025,2025-08-01,month,18616.9,млрд руб.,0
money_supply,Структура денежной массы,22,Другие депозиты домашних хозяйств,01.08.2025,2025-08-01,month,43198.6,млрд руб.,0
fx_rate,Номинальные курсы иностранных валют к рублю (рублей за единицу иностранной валюты) (ежемесячные данные),98,Доллара США к рублю на конец периода,Август 2025,2025-09-01,month,80.3316,руб.,4
fx_rate,Номинальные курсы иностранных валют к рублю (рублей за единицу иностранной валюты) (ежемесячные данные),99,Евро к рублю на конец периода,Август 2025,2025-09-01,month,94.0479,руб.,4
fx_rate,Номинальные курсы иностранных валют к рублю (рублей за единицу иностранной валюты) (ежемесячные данные),100,Юаня к рублю на конец периода,Август 2025,2025-09-01,month,11.2713,руб.,4
money_supply,Структура денежной массы,12,Всего,01.09.2025,2025-09-01,month,121566.9,млрд руб.,0
money_supply,Структура денежной массы,19,Денежный агрегат М1,01.09.2025,2025-09-01,month,52882.4,млрд руб.,0
money_supply,Структура денежной массы,20,Другие депозиты других финансовых организаций,01.09.2025,2025-09-01,month,5758.7,млрд руб.,0
money_supply,Структура денежной массы,21,Другие депозиты нефинансовых организаций,01.09.2025,2025-09-01,month,19581.3,млрд руб.,0
money_supply,Структура денежной массы,22,Другие депозиты домашних хозяйств,01.09.2025,2025-09-01,month,43344.5,млрд руб.,0
fx_rate,Номинальные курсы иностранных валют к рублю (рублей за единицу иностранной валюты) (ежемесячные данные),98,Доллара США к рублю на конец периода,Сентябрь 2025,2025-10-01,month,82.8676,руб.,4
fx_rate,Номинальные курсы иностранных валют к рублю (рублей за единицу иностранной валюты) (ежемесячные данные),99,Евро к рублю на конец периода,Сентябрь 2025,2025-10-01,month,97.141,руб.,4
fx_rate,Номинальные курсы иностранных валют к рублю (рублей за единицу иностранной валюты) (ежемесячные данные),100,Юаня к рублю на конец периода,Сентябрь 2025,2025-10-01,month,11.5978,руб.,4
money_supply,Структура денежной массы,12,Всего,01.10.2025,2025-10-01,month,121260.6,млрд руб.,0
money_supply,Структура денежной массы,19,Денежный агрегат М1,01.10.2025,2025-10-01,month,53019.8,млрд руб.,0
money_supply,Структура денежной массы,20,Другие депозиты других финансовых организаций,01.10.2025,2025-10-01,month,5825.6,млрд руб.,0
money_supply,Структура денежной массы,21,Другие депозиты нефинансовых организаций,01.10.2025,2025-10-01,month,19086.9,млрд руб.,0
money_supply,Структура денежной массы,22,Другие депозиты домашних хозяйств,01.10.2025,2025-10-01,month,43328.4,млрд руб.,0
fx_rate,Номинальные курсы иностранных валют к рублю (рублей за единицу иностранной валюты) (ежемесячные данные),98,Доллара США к рублю на конец периода,Октябрь 2025,2025-11-01,month,80.5037,руб.,4
fx_rate,Номинальные курсы иностранных валют к рублю (рублей за единицу иностранной валюты) (ежемесячные данные),99,Евро к рублю на конец периода,Октябрь 2025,2025-11-01,month,93.3894,руб.,4
fx_rate,Номинальные курсы иностранных валют к рублю (рублей за единицу иностранной валюты) (ежемесячные данные),100,Юаня к рублю на конец периода,Октябрь 2025,2025-11-01,month,11.2952,руб.,4
money_supply,Структура денежной массы,12,Всего,01.11.2025,2025-11-01,month,123065.6,млрд руб.,0
money_supply,Структура денежной массы,19,Денежный агрегат М1,01.11.2025,2025-11-01,month,53429.8,млрд руб.,0
money_supply,Структура денежной массы,20,Другие депозиты других финансовых организаций,01.11.2025,2025-11-01,month,5693.2,млрд руб.,0
money_supply,Структура денежной массы,21,Другие депозиты нефинансовых организаций,01.11.2025,2025-11-01,month,19886.5,млрд руб.,0
money_supply,Структура денежной массы,22,Другие депозиты домашних хозяйств,01.11.2025,2025-11-01,month,44056.1,млрд руб.,0
fx_rate,Номинальные курсы иностранных валют к рублю (рублей за единицу иностранной валюты) (ежемесячные данные),98,Доллара США к рублю на конец периода,Ноябрь 2025,2025-12-01,month,78.2284,руб.,4
fx_rate,Номинальные курсы иностранных валют к рублю (рублей за единицу иностранной валюты) (ежемесячные данные),99,Евро к рублю на конец периода,Ноябрь 2025,2025-12-01,month,90.819,руб.,4
fx_rate,Номинальные курсы иностранных валют к рублю (рублей за единицу иностранной валюты) (ежемесячные данные),100,Юаня к рублю на конец периода,Ноябрь 2025,2025-12-01,month,11.0211,руб.,4
money_supply,Структура денежной массы,12,Всего,01.12.2025,2025-12-01,month,124715.8,млрд руб.,0
money_supply,Структура денежной массы,19,Денежный агрегат М1,01.12.2025,2025-12-01,month,53927.9,млрд руб.,0
money_supply,Структура денежной массы,20,Другие депозиты других финансовых организаций,01.12.2025,2025-12-01,month,5774.0,млрд руб.,0
money_supply,Структура денежной массы,21,Другие депозиты нефинансовых организаций,01.12.2025,2025-12-01,month,20790.0,млрд руб.,0
money_supply,Структура денежной массы,22,Другие депозиты домашних хозяйств,01.12.2025,2025-12-01,month,44223.8,млрд руб.,0
fx_rate,Номинальные курсы иностранных валют к рублю (рублей за единицу иностранной валюты) (ежемесячные данные),98,Доллара США к рублю на конец периода,Декабрь 2025,2026-01-01,month,78.2267,руб.,4
fx_rate,Номинальные курсы иностранных валют к рублю (рублей за единицу иностранной валюты) (ежемесячные данные),99,Евро к рублю на конец периода,Декабрь 2025,2026-01-01,month,92.0938,руб.,4
fx_rate,Номинальные курсы иностранных валют к рублю (рублей за единицу иностранной валюты) (ежемесячные данные),100,Юаня к рублю на конец периода,Декабрь 2025,2026-01-01,month,11.1592,руб.,4
money_supply,Структура денежной массы,12,Всего,01.01.2026,2026-01-01,month,129628.7,млрд руб.,0
money_supply,Структура денежной массы,19,Денежный агрегат М1,01.01.2026,2026-01-01,month,55914.1,млрд руб.,0
money_supply,Структура денежной массы,20,Другие депозиты других финансовых организаций,01.01.2026,2026-01-01,month,6014.5,млрд руб.,0
money_supply,Структура денежной массы,21,Другие депозиты нефинансовых организаций,01.01.2026,2026-01-01,month,21949.0,млрд руб.,0
money_supply,Структура денежной массы,22,Другие депозиты домашних хозяйств,01.01.2026,2026-01-01,month,45751.1,млрд руб.,0
fx_rate,Номинальные курсы иностранных валют к рублю (рублей за единицу иностранной валюты) (ежемесячные данные),98,Доллара США к рублю на конец периода,Январь 2026,2026-02-01,month,75.7327,руб.,4
fx_rate,Номинальные курсы иностранных валют к рублю (рублей за единицу иностранной валюты) (ежемесячные данные),99,Евро к рублю на конец периода,Январь 2026,2026-02-01,month,90.468,руб.,4
fx_rate,Номинальные курсы иностранных валют к рублю (рублей за единицу иностранной валюты) (ежемесячные данные),100,Юаня к рублю на конец периода,Январь 2026,2026-02-01,month,10.8689,руб.,4
money_supply,Структура денежной массы,12,Всего,01.02.2026,2026-02-01,month,127853.8,млрд руб.,0
money_supply,Структура денежной массы,19,Денежный агрегат М1,01.02.2026,2026-02-01,month,54887.9,млрд руб.,0
money_supply,Структура денежной массы,20,Другие депозиты других финансовых организаций,01.02.2026,2026-02-01,month,6125.7,млрд руб.,0
money_supply,Структура денежной массы,21,Другие депозиты нефинансовых организаций,01.02.2026,2026-02-01,month,20608.7,млрд руб.,0
money_supply,Структура денежной массы,22,Другие депозиты домашних хозяйств,01.02.2026,2026-02-01,month,46231.5,млрд руб.,0
fx_rate,Номинальные курсы иностранных валют к рублю (рублей за единицу иностранной валюты) (ежемесячные данные),98,Доллара США к рублю на конец периода,Февраль 2026,2026-03-01,month,77.2736,руб.,4
fx_rate,Номинальные курсы иностранных валют к рублю (рублей за единицу иностранной валюты) (ежемесячные данные),99,Евро к рублю на конец периода,Февраль 2026,2026-03-01,month,91.2965,руб.,4
fx_rate,Номинальные курсы иностранных валют к рублю (рублей за единицу иностранной валюты) (ежемесячные данные),100,Юаня к рублю на конец периода,Февраль 2026,2026-03-01,month,11.2394,руб.,4
money_supply,Структура денежной массы,12,Всего,01.03.2026,2026-03-01,month,131071.8,млрд руб.,0
money_supply,Структура денежной массы,19,Денежный агрегат М1,01.03.2026,2026-03-01,month,56646.0,млрд руб.,0
money_supply,Структура денежной массы,20,Другие депозиты других финансовых организаций,01.03.2026,2026-03-01,month,6227.1,млрд руб.,0
money_supply,Структура денежной массы,21,Другие депозиты нефинансовых организаций,01.03.2026,2026-03-01,month,21493.5,млрд руб.,0
money_supply,Структура денежной массы,22,Другие депозиты домашних хозяйств,01.03.2026,2026-03-01,month,46705.2,млрд руб.,0
fx_rate,Номинальные курсы иностранных валют к рублю (рублей за единицу иностранной валюты) (ежемесячные данные),98,Доллара США к рублю на конец периода,Март 2026,2026-04-01,month,81.2955,руб.,4
fx_rate,Номинальные курсы иностранных валют к рублю (рублей за единицу иностранной валюты) (ежемесячные данные),99,Евро к рублю на конец периода,Март 2026,2026-04-01,month,93.4369,руб.,4
fx_rate,Номинальные курсы иностранных валют к рублю (рублей за единицу иностранной валюты) (ежемесячные данные),100,Юаня к рублю на конец периода,Март 2026,2026-04-01,month,11.7439,руб.,4
money_supply,Структура денежной массы,12,Всего,01.04.2026,2026-04-01,month,130224.2,млрд руб.,0
money_supply,Структура денежной массы,19,Денежный агрегат М1,01.04.2026,2026-04-01,month,57350.6,млрд руб.,0
money_supply,Структура денежной массы,20,Другие депозиты других финансовых организаций,01.04.2026,2026-04-01,month,6308.3,млрд руб.,0
money_supply,Структура денежной массы,21,Другие депозиты нефинансовых организаций,01.04.2026,2026-04-01,month,20053.4,млрд руб.,0
money_supply,Структура денежной массы,22,Другие депозиты домашних хозяйств,01.04.2026,2026-04-01,month,46511.9,млрд руб.,0
fx_rate,Номинальные курсы иностранных валют к рублю (рублей за единицу иностранной валюты) (ежемесячные данные),98,Доллара США к рублю на конец периода,Апрель 2026,2026-05-01,month,74.8806,руб.,4
fx_rate,Номинальные курсы иностранных валют к рублю (рублей за единицу иностранной валюты) (ежемесячные данные),99,Евро к рублю на конец периода,Апрель 2026,2026-05-01,month,87.7771,руб.,4
fx_rate,Номинальные курсы иностранных валют к рублю (рублей за единицу иностранной валюты) (ежемесячные данные),100,Юаня к рублю на конец периода,Апрель 2026,2026-05-01,month,10.9535,руб.,4
money_supply,Структура денежной массы,12,Всего,01.05.2026,2026-05-01,month,131989.3,млрд руб.,0
money_supply,Структура денежной массы,19,Денежный агрегат М1,01.05.2026,2026-05-01,month,58825.6,млрд руб.,0
money_supply,Структура денежной массы,20,Другие депозиты других финансовых организаций,01.05.2026,2026-05-01,month,6201.5,млрд руб.,0
money_supply,Структура денежной массы,21,Другие депозиты нефинансовых организаций,01.05.2026,2026-05-01,month,20449.2,млрд руб.,0
money_supply,Структура денежной массы,22,Другие депозиты домашних хозяйств,01.05.2026,2026-05-01,month,46512.9,млрд руб.,0
fx_rate,Номинальные курсы иностранных валют к рублю (рублей за единицу иностранной валюты) (ежемесячные данные),98,Доллара США к рублю на конец периода,Май 2026,2026-06-01,month,71.0224,руб.,4
fx_rate,Номинальные курсы иностранных валют к рублю (рублей за единицу иностранной валюты) (ежемесячные данные),99,Евро к рублю на конец периода,Май 2026,2026-06-01,month,82.6369,руб.,4
fx_rate,Номинальные курсы иностранных валют к рублю (рублей за единицу иностранной валюты) (ежемесячные данные),100,Юаня к рублю на конец периода,Май 2026,2026-06-01,month,10.4865,руб.,4
money_supply,Структура денежной массы,12,Всего,01.06.2026,2026-06-01,month,133633.3,млрд руб.,0
money_supply,Структура денежной массы,19,Денежный агрегат М1,01.06.2026,2026-06-01,month,60025.2,млрд руб.,0
money_supply,Структура денежной массы,20,Другие депозиты других финансовых организаций,01.06.2026,2026-06-01,month,6322.6,млрд руб.,0
money_supply,Структура денежной массы,21,Другие депозиты нефинансовых организаций,01.06.2026,2026-06-01,month,21050.3,млрд руб.,0
money_supply,Структура денежной массы,22,Другие депозиты домашних хозяйств,01.06.2026,2026-06-01,month,46235.2,млрд руб.,0
fx_rate,Номинальные курсы иностранных валют к рублю (рублей за единицу иностранной валюты) (ежемесячные данные),98,Доллара США к рублю на конец периода,Июнь 2026,2026-07-01,month,77.7539,руб.,4
fx_rate,Номинальные курсы иностранных валют к рублю (рублей за единицу иностранной валюты) (ежемесячные данные),99,Евро к рублю на конец периода,Июнь 2026,2026-07-01,month,88.6472,руб.,4
fx_rate,Номинальные курсы иностранных валют к рублю (рублей за единицу иностранной валюты) (ежемесячные данные),100,Юаня к рублю на конец периода,Июнь 2026,2026-07-01,month,11.4624,руб.,4
money_supply,Структура денежной массы,12,Всего,01.07.2026,2026-07-01,month,134848.2,млрд руб.,0
money_supply,Структура денежной массы,19,Денежный агрегат М1,01.07.2026,2026-07-01,month,61312.9,млрд руб.,0
money_supply,Структура денежной массы,20,Другие депозиты других финансовых организаций,01.07.2026,2026-07-01,month,6191.0,млрд руб.,0
money_supply,Структура денежной массы,21,Другие депозиты нефинансовых организаций,01.07.2026,2026-07-01,month,21047.4,млрд руб.,0
money_supply,Структура денежной массы,22,Другие депозиты домашних хозяйств,01.07.2026,2026-07-01,month,46296.9,млрд руб.,0
fx_rate,Номинальные курсы иностранных валют к рублю (рублей за единицу иностранной валюты) (ежемесячные данные),98,Доллара США к рублю на конец периода,Июль 2026,2026-08-01,month,79.8573,руб.,4
fx_rate,Номинальные курсы иностранных валют к рублю (рублей за единицу иностранной валюты) (ежемесячные данные),99,Евро к рублю на конец периода,Июль 2026,2026-08-01,month,90.8776,руб.,4
fx_rate,Номинальные курсы иностранных валют к рублю (рублей за единицу иностранной валюты) (ежемесячные данные),100,Юаня к рублю на конец периода,Июль 2026,2026-08-01,month,11.8194,руб.,4
money_supply,Структура денежной массы,12,Всего,01.08.2026,2026-08-01,month,135699.9,млрд руб.,0
money_supply,Структура денежной массы,19,Денежный агрегат М1,01.08.2026,2026-08-01,month,61397.1,млрд руб.,0
money_supply,Структура денежной массы,20,Другие депозиты других финансовых организаций,01.08.2026,2026-08-01,month,6254.2,млрд руб.,0
money_supply,Структура денежной массы,21,Другие депозиты нефинансовых организаций,01.08.2026,2026-08-01,month,21869.6,млрд руб.,0
money_supply,Структура денежной массы,22,Другие депозиты домашних хозяйств,01.08.2026,2026-08-01,month,46179.0,млрд руб.,0
fx_rate,Номинальные курсы иностранных валют к рублю (рублей за единицу иностранной валюты) (ежемесячные данные),98,Доллара США к рублю на конец периода,Август 2026,2026-09-01,month,85.6007,руб.,4
fx_rate,Номинальные курсы иностранных валют к рублю (рублей за единицу иностранной валюты) (ежемесячные данные),99,Евро к рублю на конец периода,Август 2026,2026-09-01,month,99.682,руб.,4
fx_rate,Номинальные курсы иностранных валют к рублю (рублей за единицу иностранной валюты) (ежемесячные данные),100,Юаня к рублю на конец периода,Август 2026,2026-09-01,month,12.7335,руб.,4
money_supply,Структура денежной массы,12,Всего,01.09.2026,2026-09-01,month,137073.5,млрд руб.,0
money_supply,Структура денежной массы,19,Денежный агрегат М1,01.09.2026,2026-09-01,month,62646.8,млрд руб.,0
money_supply,Структура денежной массы,20,Другие депозиты других финансовых организаций,01.09.2026,2026-09-01,month,6373.2,млрд руб.,0
money_supply,Структура денежной массы,21,Другие депозиты нефинансовых организаций,01.09.2026,2026-09-01,month,21995.8,млрд руб.,0
money_supply,Структура денежной массы,22,Другие депозиты домашних хозяйств,01.09.2026,2026-09-01,month,46057.6,млрд руб.,0
