month,k,silhouette,n_sample,chosen
2023-01,2,0.30361316459285603,400,True
2023-01,3,0.21960661888674743,400,False
2023-01,4,0.20933660840550275,400,False
2023-01,5,0.1986315536351813,400,False
2023-01,6,0.19216712074209422,400,False
2023-01,7,0.19296982603249888,400,False
2023-01,8,0.18851919863312092,400,False
2023-02,2,0.3192776288756576,400,True
2023-02,3,0.19770458135966237,400,False
2023-02,4,0.183826863042272,400,False
2023-02,5,0.18251321589250388,400,False
2023-02,6,0.18769251871665898,400,False
2023-02,7,0.19678006348754823,400,False
2023-02,8,0.1973505539558605,400,False
2023-03,2,0.3614940875727101,400,True
2023-03,3,0.22388093394898076,400,False
2023-03,4,0.21710879918564147,400,False
2023-03,5,0.21242666296433163,400,False
2023-03,6,0.2023144654516245,400,False
2023-03,7,0.21910678955489285,400,False
2023-03,8,0.19124233964103085,400,False
2023-04,2,0.3592937469800026,400,True
2023-04,3,0.201071131334264,400,False
2023-04,4,0.1906258430241895,400,False
2023-04,5,0.19938482235873395,400,False
2023-04,6,0.19312237581214803,400,False
2023-04,7,0.1876515784723611,400,False
2023-04,8,0.18918306821905662,400,False
2023-05,2,0.35637952276797435,400,True
2023-05,3,0.21660328746658714,400,False
2023-05,4,0.21000024376273665,400,False
2023-05,5,0.2030489408772419,400,False
2023-05,6,0.2012517561446187,400,False
2023-05,7,0.19523597536016013,400,False
2023-05,8,0.19238382087778633,400,False
2023-06,2,0.4154533593466724,400,True
2023-06,3,0.24332147130535386,400,False
2023-06,4,0.21954271827051705,400,False
2023-06,5,0.21644857961588954,400,False
2023-06,6,0.2171791380851997,400,False
2023-06,7,0.200521786908729,400,False
2023-06,8,0.18861003417486097,400,False
2023-07,2,0.37569885605324693,400,True
2023-07,3,0.2693968289338422,400,False
2023-07,4,0.2513499970283561,400,False
2023-07,5,0.24871169541683993,400,False
2023-07,6,0.23904353302619136,400,False
2023-07,7,0.22047696648061474,400,False
2023-07,8,0.21852954660682555,400,False
2023-08,2,0.339349287392418,400,True
2023-08,3,0.23985477068821523,400,False
2023-08,4,0.2344358198619363,400,False
2023-08,5,0.23452221943504156,400,False
2023-08,6,0.22829411168083488,400,False
2023-08,7,0.20740115030012463,400,False
2023-08,8,0.20648668728179956,400,False
2023-09,2,0.36272608386241545,400,True
2023-09,3,0.23701050574468682,400,False
2023-09,4,0.2289269402707788,400,False
2023-09,5,0.21470894946250932,400,False
2023-09,6,0.21966967551509023,400,False
2023-09,7,0.1980061139286197,400,False
2023-09,8,0.1957513930006986,400,False
2023-10,2,0.36326967262091014,400,True
2023-10,3,0.2496697144633311,400,False
2023-10,4,0.2273973277617559,400,False
2023-10,5,0.2135561987694896,400,False
2023-10,6,0.20795670650723658,400,False
2023-10,7,0.19207379246439524,400,False
2023-10,8,0.17960460553706972,400,False
2023-11,2,0.36207843822212304,400,True
2023-11,3,0.24293313381104467,400,False
2023-11,4,0.2322203395247882,400,False
2023-11,5,0.22066265400666507,400,False
2023-11,6,0.2165379618396779,400,False
2023-11,7,0.2210380559645633,400,False
2023-11,8,0.20188993092352592,400,False
2023-12,2,0.33901543060547423,400,True
2023-12,3,0.2560252861767207,400,False
2023-12,4,0.23311633501771453,400,False
2023-12,5,0.22699504945578938,400,False
2023-12,6,0.21825757306696547,400,False
2023-12,7,0.19493785579137488,400,False
2023-12,8,0.20031893597616637,400,False
2024-01,2,0.36864485963107596,400,True
2024-01,3,0.22663300052587387,400,False
2024-01,4,0.2218838713993025,400,False
2024-01,5,0.22134901104915566,400,False
2024-01,6,0.21808100821007223,400,False
2024-01,7,0.21576687597620547,400,False
2024-01,8,0.1987688143366644,400,False
2024-02,2,0.34748198994409213,400,True
2024-02,3,0.22311898998873197,400,False
2024-02,4,0.22673830369493017,400,False
2024-02,5,0.20025758111199665,400,False
2024-02,6,0.21215586683357399,400,False
2024-02,7,0.21351930779890715,400,False
2024-02,8,0.19438344557385034,400,False
2024-03,2,0.3791099947426865,400,True
2024-03,3,0.24012718412717696,400,False
2024-03,4,0.22879224416760355,400,False
2024-03,5,0.22379472824909308,400,False
2024-03,6,0.22702877593984142,400,False
2024-03,7,0.2382723115659578,400,False
2024-03,8,0.198558421796064,400,False
2024-04,2,0.4340301846644168,400,True
2024-04,3,0.24942980868201226,400,False
2024-04,4,0.22062857257666746,400,False
2024-04,5,0.20109633763374418,400,False
2024-04,6,0.19564389919951314,400,False
2024-04,7,0.21123007637704727,400,False
2024-04,8,0.20623727105689105,400,False
2024-05,2,0.3960767678517076,400,True
2024-05,3,0.23347434574063364,400,False
2024-05,4,0.20822329342551535,400,False
2024-05,5,0.19282346760444896,400,False
2024-05,6,0.19071919195695042,400,False
2024-05,7,0.19848931030858213,400,False
2024-05,8,0.18895823199782863,400,False
2024-06,2,0.4323141609200173,400,True
2024-06,3,0.24782786848101512,400,False
2024-06,4,0.21637566235490774,400,False
2024-06,5,0.19870981962634024,400,False
2024-06,6,0.1976215908868774,400,False
2024-06,7,0.18946715956918284,400,False
2024-06,8,0.19144823984981638,400,False
2024-07,2,0.42654376103425967,400,True
2024-07,3,0.260001357170283,400,False
2024-07,4,0.2138223862959158,400,False
2024-07,5,0.20112996651573004,400,False
2024-07,6,0.19340189093559257,400,False
2024-07,7,0.18231013870874171,400,False
2024-07,8,0.19174451619617833,400,False
2024-08,2,0.42033133607653406,400,True
2024-08,3,0.2777587900259004,400,False
2024-08,4,0.22917786418762812,400,False
2024-08,5,0.21950427511483903,400,False
2024-08,6,0.20752968377955938,400,False
2024-08,7,0.20004754102838238,400,False
2024-08,8,0.2054840482609952,400,False
2024-09,2,0.3666277732504065,400,True
2024-09,3,0.24020475834058647,400,False
2024-09,4,0.2012989958417895,400,False
2024-09,5,0.19491345083729048,400,False
2024-09,6,0.20204150803361948,400,False
2024-09,7,0.2056545827193096,400,False
2024-09,8,0.18870873456715556,400,False
2024-10,2,0.38101877356052705,400,True
2024-10,3,0.24561703877224164,400,False
2024-10,4,0.21814670204443815,400,False
2024-10,5,0.20201899514596255,400,False
2024-10,6,0.20686682003795684,400,False
2024-10,7,0.19511464118187644,400,False
2024-10,8,0.19853250487474708,400,False
2024-11,2,0.38953528504566265,400,True
2024-11,3,0.2531476953205034,400,False
2024-11,4,0.21867939161974,400,False
2024-11,5,0.19593517475478692,400,False
2024-11,6,0.19497462052046644,400,False
2024-11,7,0.2020888093702693,400,False
2024-11,8,0.180253655770928,400,False
2024-12,2,0.36056848044649054,400,True
2024-12,3,0.25825221489879574,400,False
2024-12,4,0.23098822359405055,400,False
2024-12,5,0.21701071092305974,400,False
2024-12,6,0.2047670866500002,400,False
2024-12,7,0.19596597099482993,400,False
2024-12,8,0.1852615470391177,400,False
