subset,month,n,threshold,n_core_refit,fraction_refit,n_core_primary_restricted,ari_vs_primary_on_common_ids,n_regions_core
without_moscow,2023-12,1752,0.8,666,0.3801369863013699,650,0.6547557517686028,66
without_moscow,2023-12,1752,0.9,0,0.0,0,0.6547557517686028,0
without_moscow,2023-12,1752,0.95,0,0.0,0,0.6547557517686028,0
without_moscow,2024-12,1752,0.8,290,0.16552511415525115,180,0.653568337633105,64
without_moscow,2024-12,1752,0.9,0,0.0,121,0.653568337633105,0
without_moscow,2024-12,1752,0.95,0,0.0,0,0.653568337633105,0
type:муниципальный район,2023-12,1317,0.8,431,0.32725892179195143,480,0.49305085111136043,63
type:муниципальный район,2023-12,1317,0.9,0,0.0,0,0.49305085111136043,0
type:муниципальный район,2023-12,1317,0.95,0,0.0,0,0.49305085111136043,0
type:муниципальный район,2024-12,1317,0.8,122,0.0926347760060744,61,0.4903733037225876,36
type:муниципальный район,2024-12,1317,0.9,0,0.0,36,0.4903733037225876,0
type:муниципальный район,2024-12,1317,0.95,0,0.0,0,0.4903733037225876,0
type:городской округ,2023-12,426,0.8,159,0.3732394366197183,168,0.574420275436903,53
type:городской округ,2023-12,426,0.9,0,0.0,0,0.574420275436903,0
type:городской округ,2023-12,426,0.95,0,0.0,0,0.574420275436903,0
type:городской округ,2024-12,426,0.8,216,0.5070422535211268,118,0.6235135552806643,60
type:городской округ,2024-12,426,0.9,86,0.20187793427230047,84,0.6235135552806643,38
type:городской округ,2024-12,426,0.95,0,0.0,0,0.6235135552806643,0
type:внутригородская территория города федерального значения,2023-12,144,0.8,113,0.7847222222222222,139,0.04296813728053206,1
type:внутригородская территория города федерального значения,2023-12,144,0.9,31,0.2152777777777778,0,0.04296813728053206,1
type:внутригородская территория города федерального значения,2023-12,144,0.95,21,0.14583333333333334,0,0.04296813728053206,1
type:внутригородская территория города федерального значения,2024-12,144,0.8,135,0.9375,138,0.01744505614079158,1
type:внутригородская территория города федерального значения,2024-12,144,0.9,65,0.4513888888888889,137,0.01744505614079158,1
type:внутригородская территория города федерального значения,2024-12,144,0.95,39,0.2708333333333333,0,0.01744505614079158,1
