territory_id,name,spending_rows,full_spending,reasons
64,Куюргазинский,102,False,incomplete_spending_history
85,Северобайкальск,72,False,incomplete_spending_history;absent_migration
86,Баргузинский,72,False,incomplete_spending_history;absent_migration
87,Баунтовский,72,False,incomplete_spending_history;absent_migration
88,Бичурский,72,False,incomplete_spending_history;absent_migration
89,Джидинский,72,False,incomplete_spending_history;absent_migration
90,Еравнинский,72,False,incomplete_spending_history;absent_migration
91,Заиграевский,72,False,incomplete_spending_history;absent_migration
92,Закаменский,72,False,incomplete_spending_history;absent_migration
93,Иволгинский,72,False,incomplete_spending_history;absent_migration
94,Кабанский,72,False,incomplete_spending_history;absent_migration
95,Кижингинский,72,False,incomplete_spending_history;absent_migration
96,Курумканский,72,False,incomplete_spending_history;absent_migration
97,Кяхтинский,72,False,incomplete_spending_history;absent_migration
98,Муйский,72,False,incomplete_spending_history;absent_migration
99,Мухоршибирский,72,False,incomplete_spending_history;absent_migration
100,Окинский,66,False,incomplete_spending_history;absent_migration
101,Прибайкальский,72,False,incomplete_spending_history;absent_migration
102,Северо-Байкальский,72,False,incomplete_spending_history;absent_migration
103,Селенгинский,72,False,incomplete_spending_history;absent_migration
104,Тарбагатайский,72,False,incomplete_spending_history;absent_migration
105,Тункинский,72,False,incomplete_spending_history;absent_migration
106,Хоринский,72,False,incomplete_spending_history;absent_migration
107,Махачкала,72,False,incomplete_spending_history
108,Буйнакск,72,False,incomplete_spending_history
109,Дагестанские Огни,48,False,incomplete_spending_history
111,Избербаш,72,False,incomplete_spending_history
113,Кизилюрт,72,False,incomplete_spending_history
114,Кизляр,72,False,incomplete_spending_history
116,Южно-Сухокумск,36,False,incomplete_spending_history
121,Бабаюртовский,6,False,incomplete_spending_history
140,Кумторкалинский,36,False,incomplete_spending_history
142,Новолакский,12,False,incomplete_spending_history
143,Ногайский,30,False,incomplete_spending_history
145,Сергокалинский,12,False,incomplete_spending_history
158,Магас,72,False,incomplete_spending_history;absent_migration
160,Назрань,72,False,incomplete_spending_history;absent_migration
172,Лескенский,6,False,incomplete_spending_history
174,Прохладненский,108,False,incomplete_spending_history
176,Терский,126,False,incomplete_spending_history
177,Урванский,72,False,incomplete_spending_history
178,Чегемский,30,False,incomplete_spending_history
179,Эльбрусский,126,False,incomplete_spending_history
183,Кетченеровский,42,False,incomplete_spending_history
186,Октябрьский,126,False,incomplete_spending_history
187,Приютненский,18,False,incomplete_spending_history
189,Целинный,72,False,incomplete_spending_history
190,Черноземельский,108,False,incomplete_spending_history
192,Яшалтинский,132,False,incomplete_spending_history
193,Яшкульский,132,False,incomplete_spending_history
197,Адыге-Хабльский,126,False,incomplete_spending_history
200,Малокарачаевский,132,False,incomplete_spending_history
202,Прикубанский,102,False,incomplete_spending_history
286,Саранск,72,False,incomplete_spending_history
291,Большеигнатовский,114,False,incomplete_spending_history
299,Кочкуровский,18,False,incomplete_spending_history
309,Якутск,144,True,absent_migration
310,Жатай,48,False,incomplete_spending_history;absent_migration
311,Абыйский,138,False,incomplete_spending_history;absent_market_access
313,Аллаиховский,90,False,incomplete_spending_history;absent_market_access
315,Анабарский,132,False,incomplete_spending_history
322,Жиганский,132,False,incomplete_spending_history
323,Кобяйский,144,True,absent_market_access
324,Нюрбинский,144,True,absent_market_access
328,Момский,132,False,incomplete_spending_history
344,Эвено-Бытантайский,60,False,incomplete_spending_history
350,Кировский,6,False,incomplete_spending_history
353,Пригородный,102,False,incomplete_spending_history
389,Рыбно-Слободский,138,False,incomplete_spending_history
394,Тукаевский,18,False,incomplete_spending_history
406,Монгун-Тайгинский,6,False,incomplete_spending_history
409,Сут-Хольский,126,False,incomplete_spending_history
415,Чаа-Хольский,12,False,incomplete_spending_history
417,Эрзинский,48,False,incomplete_spending_history
426,Воткинский,60,False,incomplete_spending_history
439,Можгинский,18,False,incomplete_spending_history
461,Грозный,72,False,incomplete_spending_history
462,Аргун,36,False,incomplete_spending_history
466,Гудермесский,24,False,incomplete_spending_history
469,Надтеречный,18,False,incomplete_spending_history
474,Урус-Мартановский,12,False,incomplete_spending_history
483,Алатырский,132,False,incomplete_spending_history
500,Шумерлинский,120,False,incomplete_spending_history
514,Алейский,126,False,incomplete_spending_history
526,Заринский,6,False,incomplete_spending_history
573,Чита,72,False,incomplete_spending_history
576,Акшинский,72,False,incomplete_spending_history;absent_migration;absent_salary
577,Александрово-Заводский,72,False,incomplete_spending_history;absent_migration;absent_salary
590,Нерчинско-Заводский,72,False,incomplete_spending_history;absent_migration;absent_salary
597,Тунгокоченский,72,False,incomplete_spending_history;absent_migration;absent_salary
611,Быстринский,132,False,incomplete_spending_history
618,Карагинский,144,True,absent_market_access
619,Олюторский,144,True,absent_market_access
620,Пенжинский,30,False,incomplete_spending_history;absent_market_access
678,Норильск,144,True,absent_market_access
681,Кедровый,108,False,incomplete_spending_history
688,Боготольский,24,False,incomplete_spending_history
700,Канский,18,False,incomplete_spending_history
709,Назаровский,90,False,incomplete_spending_history
718,Таймырский Долгано-Ненецкий,144,True,absent_market_access
720,Туруханский,144,True,absent_market_access
724,Шарыповский,126,False,incomplete_spending_history
726,Эвенкийский,144,True,absent_market_access
850,Комсомольский,60,False,incomplete_spending_history
854,Охотский,144,True,absent_market_access
858,Тугуро-Чумиканский,114,False,incomplete_spending_history;absent_market_access
862,Белогорск,72,False,incomplete_spending_history
863,Зея,72,False,incomplete_spending_history
864,Райчихинск,72,False,incomplete_spending_history
865,Свободный,72,False,incomplete_spending_history
866,Тында,72,False,incomplete_spending_history
867,Шимановск,72,False,incomplete_spending_history
868,Прогресс,72,False,incomplete_spending_history
875,Зейский,144,True,absent_migration
887,Тамбовский,72,False,incomplete_spending_history;absent_migration
910,Пинежский,72,False,incomplete_spending_history
921,Володарский,66,False,incomplete_spending_history
997,Ковровский,24,False,incomplete_spending_history
1022,Камышинский,24,False,incomplete_spending_history
1043,Фроловский,72,False,incomplete_spending_history
1149,Зиминский,144,True,absent_migration
1150,Иркутский,144,True,absent_migration
1159,Ольхонский,144,True,absent_migration
1162,Тулунский,18,False,incomplete_spending_history
1163,Усольский,144,True,absent_migration
1165,Усть-Кутский,144,True,absent_migration
1167,Черемховский,144,True,absent_migration
1168,Чунский,144,True,absent_migration
1169,Шелеховский,144,True,absent_migration
1177,Ладушкинский,18,False,incomplete_spending_history
1182,Янтарный,138,False,incomplete_spending_history
1183,Багратионовский,120,False,incomplete_spending_history
1216,Перемышльский,138,False,incomplete_spending_history
1245,Ленинск-Кузнецкий,108,False,incomplete_spending_history
1247,Новокузнецкий,114,False,incomplete_spending_history
1332,Шарьинский,138,False,incomplete_spending_history
1342,Кетовский,138,False,incomplete_spending_history
1354,Шадринский,78,False,incomplete_spending_history
1424,Липецкий,60,False,incomplete_spending_history
1432,Омсукчанский,96,False,incomplete_spending_history
1433,Северо-Эвенский,54,False,incomplete_spending_history
1434,Среднеканский,132,False,incomplete_spending_history
1435,Сусуманский,138,False,incomplete_spending_history
1436,Тенькинский,114,False,incomplete_spending_history
1437,Хасынский,132,False,incomplete_spending_history
1471,Павловский Посад,72,False,incomplete_spending_history;absent_market_access
1487,Электрогорск,72,False,incomplete_spending_history;absent_market_access
1576,Батецкий,54,False,incomplete_spending_history
1684,Бузулукский,48,False,incomplete_spending_history
1695,Оренбургский,60,False,incomplete_spending_history
1713,Дмитровский,114,False,incomplete_spending_history
1716,Знаменский,18,False,incomplete_spending_history
1720,Корсаковский,36,False,incomplete_spending_history
1721,Ливенский,72,False,incomplete_spending_history
1723,Мценский,60,False,incomplete_spending_history
1729,Сосковский,18,False,incomplete_spending_history
1763,Шемышейский,120,False,incomplete_spending_history
1767,Великолукский,108,False,incomplete_spending_history
1772,Куньинский,18,False,incomplete_spending_history
1779,Палкинский,42,False,incomplete_spending_history
1789,Усвятский,132,False,incomplete_spending_history
1847,Сасово,72,False,incomplete_spending_history;absent_market_access
1882,Тольятти,72,False,incomplete_spending_history
1913,Михайловский,18,False,incomplete_spending_history
1964,Северо-Курильский,102,False,incomplete_spending_history
2016,Махнёвское,96,False,incomplete_spending_history
2020,Верхнее Дуброво,108,False,incomplete_spending_history
2026,Верх-Нейвинский,84,False,incomplete_spending_history
2029,Горноуральский,96,False,incomplete_spending_history
2038,Староуткинск,18,False,incomplete_spending_history
2083,Кирсановский,102,False,incomplete_spending_history
2086,Моршанский,96,False,incomplete_spending_history
2092,Рассказовский,48,False,incomplete_spending_history
2099,Уваровский,114,False,incomplete_spending_history
2166,Новогуровский,84,False,incomplete_spending_history
2170,Славный,102,False,incomplete_spending_history
2209,Тобольский,66,False,incomplete_spending_history
2214,Ялуторовский,24,False,incomplete_spending_history
2261,Мелекесский,18,False,incomplete_spending_history
2263,Новомалыклинский,42,False,incomplete_spending_history
2273,Цильнинский,126,False,incomplete_spending_history
2291,Агаповский,78,False,incomplete_spending_history
2344,Анадырь,144,True,absent_market_access
2345,Эгвекинот,144,True,absent_market_access
2346,Провиденский,72,False,incomplete_spending_history;absent_market_access
2347,Певек,72,False,incomplete_spending_history
2348,Анадырский,144,True,absent_market_access
2351,Коломна,144,True,absent_population
2352,Сенной,144,True,absent_population
2353,Адмиралтейский,144,True,absent_population
2354,Семеновский,144,True,absent_population
2355,Измайловское,144,True,absent_population
2356,Екатерингофский,144,True,absent_population
2357,№ 7,144,True,absent_population
2358,Васильевский,144,True,absent_population
2359,Гавань,144,True,absent_population
2360,Морской,144,True,absent_population
2361,Остров Декабристов,144,True,absent_population
2362,Левашово,144,True,absent_population
2363,Парголово,144,True,absent_population
2364,Сампсониевское,144,True,absent_population
2365,Светлановское,144,True,absent_population
2366,Сосновское,144,True,absent_population
2367,№ 15,144,True,absent_population
2368,Сергиевское,144,True,absent_population
2369,Шувалово-Озерки,144,True,absent_population
2370,Лисий Нос,144,True,absent_population
2371,Лахта-Ольгино,144,True,absent_population
2372,№ 65,144,True,absent_population
2373,Чёрная речка,144,True,absent_population
2374,Комендантский аэродром,144,True,absent_population
2375,Озеро Долгое,144,True,absent_population
2376,Юнтолово,144,True,absent_population
2377,Коломяги,144,True,absent_population
2378,Гражданка,144,True,absent_population
2379,Академическое,144,True,absent_population
2380,Финляндский,144,True,absent_population
2381,№ 21,144,True,absent_population
2382,Пискаревка,144,True,absent_population
2383,Северный,144,True,absent_population
2384,Прометей,144,True,absent_population
2385,Княжево,144,True,absent_population
2386,Ульянка,144,True,absent_population
2387,Дачное,144,True,absent_population
2388,Автово,144,True,absent_population
2389,Нарвский,144,True,absent_population
2390,Красненькая речка,144,True,absent_population
2391,Морские ворота,144,True,absent_population
2392,Колпино,144,True,absent_population
2393,Металлострой,144,True,absent_population
2394,Петро-Славянка,108,False,incomplete_spending_history;absent_population
2395,Понтонный,144,True,absent_population
2397,Усть-Ижора,102,False,incomplete_spending_history;absent_population
2398,Полюстрово,144,True,absent_population
2399,Большая Охта,144,True,absent_population
2400,Малая Охта,144,True,absent_population
2401,Пороховые,144,True,absent_population
2402,Ржевка,144,True,absent_population
2403,Красное Село,144,True,absent_population
2404,Юго-Запад,144,True,absent_population
2405,Южно-Приморский,144,True,absent_population
2406,Сосновая поляна,144,True,absent_population
2407,Урицк,144,True,absent_population
2408,Константиновское,144,True,absent_population
2409,Горелово,144,True,absent_population
2410,Кронштадт,144,True,absent_population
2411,Зеленогорск,144,True,absent_population
2412,Сестрорецк,144,True,absent_population
2416,Песочный,144,True,absent_population
2422,Ломоносов,144,True,absent_population
2423,Московская застава,144,True,absent_population
2424,Гагаринское,144,True,absent_population
2425,Новоизмайловское,144,True,absent_population
2426,Пулковский меридиан,144,True,absent_population
2427,Звездное,144,True,absent_population
2428,Невская застава,144,True,absent_population
2429,Ивановский,144,True,absent_population
2430,Обуховский,144,True,absent_population
2431,Рыбацкое,144,True,absent_population
2432,Народный,144,True,absent_population
2433,№ 54,144,True,absent_population
2434,Невский,144,True,absent_population
2435,Оккервиль,144,True,absent_population
2436,Правобережный,144,True,absent_population
2437,Павловск,144,True,absent_population
2439,Введенский,144,True,absent_population
2440,Кронверкское,144,True,absent_population
2441,Посадский,144,True,absent_population
2442,Аптекарский остров,144,True,absent_population
2443,Петровский,144,True,absent_population
2444,Чкаловское,144,True,absent_population
2445,Петергоф,144,True,absent_population
2446,Стрельна,144,True,absent_population
2447,Пушкин,144,True,absent_population
2448,Александровская,6,False,incomplete_spending_history;absent_population
2449,Шушары,144,True,absent_population
2450,Волковское,144,True,absent_population
2451,№ 72,144,True,absent_population
2452,Купчино,144,True,absent_population
2453,Георгиевский,144,True,absent_population
2454,№ 75,144,True,absent_population
2455,Балканский,144,True,absent_population
2456,Дворцовый,144,True,absent_population
2457,№ 78,144,True,absent_population
2458,Литейный,144,True,absent_population
2459,Смольнинское,144,True,absent_population
2460,Лиговка-Ямская,144,True,absent_population
2461,Владимирский,144,True,absent_population
2594,Кленовское,60,False,incomplete_spending_history
2603,Роговское,60,False,incomplete_spending_history
3008,Химки,72,False,incomplete_spending_history
3010,Тамбовский,72,False,incomplete_spending_history
3014,Павлово-Посадский,60,False,incomplete_spending_history
3101,Сасовский,60,False,incomplete_spending_history;absent_migration
