category,model,reference,rows,mae_model,mae_reference,relative_improvement_percent,benefit_mae,benefit_ci95_month_blocks,month_blocks
Все категории,national_yoy_lag1,pred_last,12268,1280.154212076248,4281.996820997718,70.10380283799537,3001.84260892147,"[2565.5725608837406, 3382.057908904778]",6
Все категории,national_yoy_lag1,pred_prophet,12268,1280.154212076248,3288.0262654390835,61.06618047635042,2007.8720533628348,"[1488.793273879741, 2479.4342731974284]",6
Все категории,national_yoy_lag2,pred_last,12268,1308.6603596018301,4281.996820997718,69.43808194381359,2973.3364613958875,"[2639.898123048009, 3280.5973648324994]",6
Все категории,national_yoy_lag2,pred_prophet,12268,1308.6603596018301,3288.0262654390835,60.19921211222224,1979.365905837253,"[1425.9790634086771, 2480.620153236844]",6
Все категории,national_yoy_lag3,pred_last,12268,1282.214382091308,4281.996820997718,70.05569047123794,2999.7824389064094,"[2707.5095583374537, 3265.258013407628]",6
Все категории,national_yoy_lag3,pred_prophet,12268,1282.214382091308,3288.0262654390835,61.003523737968656,2005.8118833477752,"[1506.446189270243, 2448.6253352699164]",6
Здоровье,national_yoy_lag1,pred_last,12268,129.93311559329274,180.54695141832408,28.033614208062694,50.613835825031366,"[3.6884817514422834, 98.93290414002416]",6
Здоровье,national_yoy_lag1,pred_prophet,12268,129.93311559329274,446.7325032837159,70.91478353640784,316.7993876904232,"[185.64951750366902, 433.55731351301495]",6
Здоровье,national_yoy_lag2,pred_last,12268,128.98284945679688,180.54695141832408,28.55994053427914,51.56410196152721,"[-2.0227324427683335, 100.78928549518707]",6
Здоровье,national_yoy_lag2,pred_prophet,12268,128.98284945679688,446.7325032837159,71.12749833318463,317.74965382691903,"[179.56544005170718, 437.8561728006736]",6
Здоровье,national_yoy_lag3,pred_last,12268,123.67308496682304,180.54695141832408,31.500873321159162,56.873866451501044,"[7.380208006271935, 103.55661439691112]",6
Здоровье,national_yoy_lag3,pred_prophet,12268,123.67308496682304,446.7325032837159,72.31607638625763,323.0594183168929,"[188.5084176737858, 441.4103016964486]",6
Маркетплейсы,national_yoy_lag1,pred_last,12268,1090.181088336548,1719.30575480926,36.591785068648655,629.1246664727119,"[522.2904866590438, 737.8193323211879]",6
Маркетплейсы,national_yoy_lag1,pred_prophet,12268,1090.181088336548,725.20797430696,-50.32668240836322,-364.9731140295879,"[-468.83636630656133, -197.9123451897264]",6
Маркетплейсы,national_yoy_lag2,pred_last,12268,1100.7593539364125,1719.30575480926,35.97652128730699,618.5464008728474,"[488.1103613012689, 770.149403843915]",6
Маркетплейсы,national_yoy_lag2,pred_prophet,12268,1100.7593539364125,725.20797430696,-51.785335094852705,-375.5513796294526,"[-497.27127229962224, -211.24990250058121]",6
Маркетплейсы,national_yoy_lag3,pred_last,12268,1140.7152267980946,1719.30575480926,33.65256740360032,578.5905280111651,"[438.67827515194375, 735.502487465432]",6
Маркетплейсы,national_yoy_lag3,pred_prophet,12268,1140.7152267980946,725.20797430696,-57.29490948968279,-415.5072524911345,"[-544.4327471927202, -237.48697137234967]",6
Общественное питание,national_yoy_lag1,pred_last,12268,111.86395441176325,244.26328659928268,54.203533421181874,132.39933218751943,"[122.04717697768417, 142.33510093399246]",6
Общественное питание,national_yoy_lag1,pred_prophet,12268,111.86395441176325,340.7583970499642,67.17206226458418,228.89444263820087,"[165.8433746336621, 284.76742265245514]",6
Общественное питание,national_yoy_lag2,pred_last,12268,114.1610597089369,244.26328659928268,53.26311157999781,130.10222689034578,"[122.03391814786876, 137.91632654975902]",6
Общественное питание,national_yoy_lag2,pred_prophet,12268,114.1610597089369,340.7583970499642,66.49794672786952,226.59733734102724,"[166.9602297698384, 282.33977386275376]",6
Общественное питание,national_yoy_lag3,pred_last,12268,119.17378901142415,244.26328659928268,51.21092871933293,125.08949758785856,"[117.97030699327942, 131.9758124791342]",6
Общественное питание,national_yoy_lag3,pred_prophet,12268,119.17378901142415,340.7583970499642,65.02689587603908,221.58460803853998,"[163.0970411240997, 276.5145596609986]",6
Продовольствие,national_yoy_lag1,pred_last,12268,1132.5971437990493,1074.9293283338768,-5.364800638062106,-57.667815465172524,"[-403.92873013853864, 372.47580385892053]",6
Продовольствие,national_yoy_lag1,pred_prophet,12268,1132.5971437990493,1412.7433993676857,19.829946166729506,280.14625556863643,"[-333.03821058326656, 899.562642198139]",6
Продовольствие,national_yoy_lag2,pred_last,12268,1094.3203423789535,1074.9293283338768,-1.8039338525754456,-19.391014045076748,"[-454.4044796902727, 448.3309772821254]",6
Продовольствие,national_yoy_lag2,pred_prophet,12268,1094.3203423789535,1412.7433993676857,22.53934133624349,318.42305698873224,"[-408.8366628592857, 1015.6715540344848]",6
Продовольствие,national_yoy_lag3,pred_last,12268,990.0176154334407,1074.9293283338768,7.89928329819114,84.91171290043596,"[-357.46442706063203, 526.8553521543561]",6
Продовольствие,national_yoy_lag3,pred_prophet,12268,990.0176154334407,1412.7433993676857,29.922332967434016,422.72578393424493,"[-295.3080355433156, 1100.2628097897568]",6
Транспорт,national_yoy_lag1,pred_last,12268,162.88639256922494,228.46641669383763,28.70444815199904,65.58002412461268,"[45.114508368040354, 90.03822847204358]",6
Транспорт,national_yoy_lag1,pred_prophet,12268,162.88639256922494,443.6670019267208,63.28634046213597,280.78060935749585,"[221.73227590765248, 330.96457477776323]",6
Транспорт,national_yoy_lag2,pred_last,12268,159.46915812829587,228.46641669383763,30.200175397333485,68.99725856554176,"[53.33420483646536, 91.49374569485626]",6
Транспорт,national_yoy_lag2,pred_prophet,12268,159.46915812829587,443.6670019267208,64.05656552419579,284.19784379842497,"[217.92234222066418, 341.78078487042046]",6
Транспорт,national_yoy_lag3,pred_last,12268,151.29420396379302,228.46641669383763,33.77836175960217,77.17221273004462,"[63.389460084136, 94.08400232443226]",6
Транспорт,national_yoy_lag3,pred_prophet,12268,151.29420396379302,443.6670019267208,65.89915334997534,292.3727979629278,"[225.4094977890759, 350.83455891473216]",6
