target,model,rows,mae
2024-07,national_yoy_lag1,120,570.3529983498951
2024-07,conditional_prophet_linear,120,2368.604218190313
2024-07,conditional_prophet_yearly3,120,3060.653713942396
2024-07,own_prophet_linear,120,1575.6391191852804
2024-07,stored_prophet,120,1566.2278668215795
2024-07,last_value,120,1379.225
2024-08,national_yoy_lag1,120,610.4408468797291
2024-08,conditional_prophet_linear,120,2191.8894493782177
2024-08,conditional_prophet_yearly3,120,100139.38028685568
2024-08,own_prophet_linear,120,1513.452150089658
2024-08,stored_prophet,120,1489.0839576824835
2024-08,last_value,120,1333.1666666666667
2024-09,national_yoy_lag1,120,724.3956478861421
2024-09,conditional_prophet_linear,120,1936.3205130049435
2024-09,conditional_prophet_yearly3,120,42106.82453024809
2024-09,own_prophet_linear,120,1433.9658720493908
2024-09,stored_prophet,120,1413.5761194748814
2024-09,last_value,120,1114.2583333333334
2024-10,national_yoy_lag1,120,614.4264017156546
2024-10,conditional_prophet_linear,120,1419.1528783829626
2024-10,conditional_prophet_yearly3,120,7941.29903900501
2024-10,own_prophet_linear,120,1165.9065524898035
2024-10,stored_prophet,120,1153.7714346537753
2024-10,last_value,120,1315.5833333333333
2024-11,national_yoy_lag1,120,728.5246442354069
2024-11,conditional_prophet_linear,120,1246.0611723595514
2024-11,conditional_prophet_yearly3,120,4072.4654418635396
2024-11,own_prophet_linear,120,1005.0479876020103
2024-11,stored_prophet,120,1000.4520402704434
2024-11,last_value,120,1175.7583333333334
2024-12,national_yoy_lag1,120,830.3362722848652
2024-12,conditional_prophet_linear,120,1081.3181840363934
2024-12,conditional_prophet_yearly3,120,5691.402670989261
2024-12,own_prophet_linear,120,959.4227146054466
2024-12,stored_prophet,120,958.250300635989
2024-12,last_value,120,1315.875
