municipality,category,mean_2023,mean_2024,annual_mean_growth_pct,April_MoM_pct,April_YoY_pct,May_MoM_pct
Орск,Все категории,25757.666666666668,31634.75,22.816831234713277,-1.6729890088512778,25.484111221449844,8.256668974840897
Орск,Здоровье,1208.25,1424.5,17.89778605421064,-12.57689678742311,13.28609388839681,9.695074276778737
Орск,Маркетплейсы,2857.5,4782.916666666667,67.3811606882473,-13.202312138728322,70.32667876588022,23.78795950985615
Орск,Общественное питание,1193.5833333333333,1508.9166666666667,26.419046289185232,-6.666666666666665,26.027397260273965,26.164596273291927
Орск,Продовольствие,10118.333333333334,11820.416666666666,16.82177565475209,3.8708023583696516,26.19121768919339,4.672589667653826
Орск,Транспорт,1168.25,1411.4166666666667,20.814608745274278,3.2558139534883734,38.03108808290156,3.828828828828823
Курган,Все категории,27232.083333333332,33205.583333333336,21.935523356335217,-4.530979892639431,24.300098716683127,3.386384573842882
Курган,Здоровье,1369.75,1662.4166666666667,21.366429397091924,-6.780660377358494,19.23076923076923,-3.6053130929791233
Курган,Маркетплейсы,2530.3333333333335,4273.333333333333,68.88420497958106,-7.797468354430381,85.0609756097561,4.612850082372333
Курган,Общественное питание,1047.8333333333333,1385.3333333333333,32.20932082074122,1.4051522248243575,44.816053511705675,5.773672055427248
Курган,Продовольствие,11933.083333333334,13752.25,15.244732780714676,-2.448949930964317,17.816394593645768,4.849523241954712
Курган,Транспорт,1740.5833333333333,2039.5833333333333,17.178149087949436,2.809917355371905,17.211055276381913,3.9657020364415763
Ишим,Все категории,27178.5,31945.083333333332,17.53806624108516,-4.513469109395829,19.758174254500215,2.321202480277895
Ишим,Здоровье,1145.3333333333333,1352.0,18.04423748544821,-5.619596541786742,16.755793226381456,-6.106870229007633
Ишим,Маркетплейсы,3032.0,4623.5,52.490105540897105,-9.559491371480478,63.1040131040131,3.866432337434089
Ишим,Общественное питание,955.0,1162.9166666666667,21.77137870855148,-6.044905008635581,31.559854897218862,6.893382352941169
Ишим,Продовольствие,11605.416666666666,13113.416666666666,12.993932430976907,-0.9647523549073278,16.777140809745617,3.4056914934417426
Ишим,Транспорт,1874.5833333333333,2079.9166666666665,10.953545232273832,2.503832396525296,12.06703910614526,-1.8444666001994015
