month,label,identity_id,status,territory_id,margin_multiplier
2023-12,0,ID0002,continuing,1673,0.75
2023-12,0,ID0002,continuing,2192,0.75
2023-12,1,ID0001,continuing,1333,0.75
2024-03,0,ID0001,continuing,1333,0.75
2024-03,0,ID0001,continuing,1673,0.75
2024-03,0,ID0001,continuing,2192,0.75
2024-04,0,ID0002,continuing,1673,0.75
2024-04,0,ID0002,continuing,2192,0.75
2024-04,1,ID0001,continuing,1333,0.75
2024-05,0,ID0001,continuing,1333,0.75
2024-05,1,ID0002,continuing,1673,0.75
2024-05,1,ID0002,continuing,2192,0.75
2024-12,1,ID0001,continuing,1333,0.75
2024-12,1,ID0001,continuing,1673,0.75
2024-12,1,ID0001,continuing,2192,0.75
2023-12,0,ID0002,continuing,1673,1.0
2023-12,0,ID0002,continuing,2192,1.0
2023-12,1,,ambiguous,1333,1.0
2024-03,0,ID0001,continuing,1333,1.0
2024-03,0,ID0001,continuing,1673,1.0
2024-03,0,ID0001,continuing,2192,1.0
2024-04,0,ID0002,continuing,1673,1.0
2024-04,0,ID0002,continuing,2192,1.0
2024-04,1,ID0001,continuing,1333,1.0
2024-05,0,ID0001,continuing,1333,1.0
2024-05,1,ID0002,continuing,1673,1.0
2024-05,1,ID0002,continuing,2192,1.0
2024-12,1,,ambiguous,1333,1.0
2024-12,1,,ambiguous,1673,1.0
2024-12,1,,ambiguous,2192,1.0
2023-12,0,,ambiguous,1673,1.25
2023-12,0,,ambiguous,2192,1.25
2023-12,1,,ambiguous,1333,1.25
2024-03,0,,ambiguous,1333,1.25
2024-03,0,,ambiguous,1673,1.25
2024-03,0,,ambiguous,2192,1.25
2024-04,0,ID0007,birth,1673,1.25
2024-04,0,ID0007,birth,2192,1.25
2024-04,1,ID0008,birth,1333,1.25
2024-05,0,,ambiguous,1333,1.25
2024-05,1,,ambiguous,1673,1.25
2024-05,1,,ambiguous,2192,1.25
2024-12,1,,ambiguous,1333,1.25
2024-12,1,,ambiguous,1673,1.25
2024-12,1,,ambiguous,2192,1.25
